Month,NBER_Recession,T10Y2YM,Population,PCE,Jobs,Job_Openings,Industrial_Production,Ten_yr_Treasury,Tenyr_chg,Chi_Fed_NFCI,CPI,CPI_Inflation_m_o_m,Job_growth_m_o_m
1/1/1939,0,,,,29923,,7.2555,,,,,,
2/1/1939,0,,,,30100,,7.3109,,0,,,,0.59
3/1/1939,0,,,,30280,,7.3386,,0,,,,0.60
4/1/1939,0,,,,30094,,7.3109,,0,,,,-0.61
5/1/1939,0,,,,30299,,7.2832,,0,,,,0.68
6/1/1939,0,,,,30502,,7.4494,,0,,,,0.67
7/1/1939,0,,,,30419,,7.6709,,0,,,,-0.27
8/1/1939,0,,,,30663,,7.7817,,0,,,,0.80
9/1/1939,0,,,,31031,,8.2525,,0,,,,1.20
10/1/1939,0,,,,31411,,8.6678,,0,,,,1.22
11/1/1939,0,,,,31470,,8.8894,,0,,,,0.19
12/1/1939,0,,,,31542,,8.8894,,0,,,,0.23
1/1/1940,0,,,,31603,,8.7786,,0,,,,0.19
2/1/1940,0,,,,31715,,8.5017,,0,,,,0.35
3/1/1940,0,,,,31825,,8.3078,,0,,,,0.35
4/1/1940,0,,,,31701,,8.474,,0,,,,-0.39
5/1/1940,0,,,,31879,,8.7232,,0,,,,0.56
6/1/1940,0,,,,31977,,9.0002,,0,,,,0.31
7/1/1940,0,,,,31942,,9.1109,,0,,,,-0.11
8/1/1940,0,,,,32352,,9.1663,,0,,,,1.28
9/1/1940,0,,,,32810,,9.3602,,0,,,,1.42
10/1/1940,0,,,,33267,,9.4986,,0,,,,1.39
11/1/1940,0,,,,33669,,9.7202,,0,,,,1.21
12/1/1940,0,,,,34174,,10.0525,,0,,,,1.50
1/1/1941,0,,,,34481,,10.3017,,0,,,,0.90
2/1/1941,0,,,,34843,,10.6063,,0,,,,1.05
3/1/1941,0,,,,35092,,10.9386,,0,,,,0.71
4/1/1941,0,,,,35468,,10.9663,,0,,,,1.07
5/1/1941,0,,,,36182,,11.4648,,0,,,,2.01
6/1/1941,0,,,,36650,,11.5479,,0,,,,1.29
7/1/1941,0,,,,37137,,11.6864,,0,,,,1.33
8/1/1941,0,,,,37544,,11.8248,,0,,,,1.10
9/1/1941,0,,,,37835,,11.8248,,0,,,,0.78
10/1/1941,0,,,,37949,,11.9356,,0,,,,0.30
11/1/1941,0,,,,38024,,11.991,,0,,,,0.20
12/1/1941,0,,,,38104,,12.1848,,0,,,,0.21
1/1/1942,0,,,,38347,,12.4341,,0,,,,0.64
2/1/1942,0,,,,38512,,12.6556,,0,,,,0.43
3/1/1942,0,,,,38935,,12.7941,,0,,,,1.10
4/1/1942,0,,,,39352,,12.4341,,0,,,,1.07
5/1/1942,0,,,,39771,,12.4617,,0,,,,1.06
6/1/1942,0,,,,40029,,12.4895,,0,,,,0.65
7/1/1942,0,,,,40472,,12.7941,,0,,,,1.11
8/1/1942,0,,,,40988,,13.1818,,0,,,,1.27
9/1/1942,0,,,,41259,,13.4864,,0,,,,0.66
10/1/1942,0,,,,41515,,13.9295,,0,,,,0.62
11/1/1942,0,,,,41674,,14.2618,,0,,,,0.38
12/1/1942,0,,,,41915,,14.5941,,0,,,,0.58
1/1/1943,0,,,,42172,,14.7326,,0,,,,0.61
2/1/1943,0,,,,42393,,15.1203,,0,,,,0.52
3/1/1943,0,,,,42552,,15.231,,0,,,,0.38
4/1/1943,0,,,,42647,,15.4249,,0,,,,0.22
5/1/1943,0,,,,42596,,15.5356,,0,,,,-0.12
6/1/1943,0,,,,42781,,15.4526,,0,,,,0.43
7/1/1943,0,,,,42700,,15.9233,,0,,,,-0.19
8/1/1943,0,,,,42546,,16.2557,,0,,,,-0.36
9/1/1943,0,,,,42492,,16.6711,,0,,,,-0.13
10/1/1943,0,,,,42675,,16.9203,,0,,,,0.43
11/1/1943,0,,,,42821,,17.1418,,0,,,,0.34
12/1/1943,0,,,,42746,,16.9203,,0,,,,-0.18
1/1/1944,0,,,,42654,,17.1141,,0,,,,-0.22
2/1/1944,0,,,,42538,,17.2526,,0,,,,-0.27
3/1/1944,0,,,,42294,,17.2249,,0,,,,-0.57
4/1/1944,0,,,,42063,,17.2249,,0,,,,-0.55
5/1/1944,0,,,,41985,,17.1142,,0,,,,-0.19
6/1/1944,0,,,,41947,,17.0588,,0,,,,-0.09
7/1/1944,0,,,,41904,,17.0311,,0,,,,-0.10
8/1/1944,0,,,,41850,,17.2526,,0,,,,-0.13
9/1/1944,0,,,,41679,,17.1418,,0,,,,-0.41
10/1/1944,0,,,,41708,,17.1972,,0,,,,0.07
11/1/1944,0,,,,41711,,17.0588,,0,,,,0.01
12/1/1944,0,,,,41860,,17.0034,,0,,,,0.36
1/1/1945,0,,,,41895,,16.8372,,0,,,,0.08
2/1/1945,1,,,,41897,,16.7818,,0,,,,0.00
3/1/1945,1,,,,41798,,16.671,,0,,,,-0.24
4/1/1945,1,,,,41446,,16.3664,,0,,,,-0.84
5/1/1945,1,,,,41304,,15.9234,,0,,,,-0.34
6/1/1945,1,,,,41149,,15.5633,,0,,,,-0.38
7/1/1945,1,,,,40874,,15.2034,,0,,,,-0.67
8/1/1945,1,,,,40466,,13.6249,,0,,,,-1.00
9/1/1945,1,,,,38507,,12.4064,,0,,,,-4.84
10/1/1945,0,,,,38600,,11.9079,,0,,,,0.24
11/1/1945,0,,,,38996,,12.351,,0,,,,1.03
12/1/1945,0,,,,39110,,12.4064,,0,,,,0.29
1/1/1946,0,,,,39829,,11.714,,0,,,,1.84
2/1/1946,0,,,,39244,,11.1325,,0,,,,-1.47
3/1/1946,0,,,,40195,,12.2956,,0,,,,2.42
4/1/1946,0,,,,40913,,12.0741,,0,,,,1.79
5/1/1946,0,,,,41349,,11.631,,0,,,,1.07
6/1/1946,0,,,,41735,,12.351,,0,,,,0.93
7/1/1946,0,,,,42153,,12.7664,,0,,,,1.00
8/1/1946,0,,,,42642,,13.2371,,0,,,,1.16
9/1/1946,0,,,,42915,,13.4864,,0,,,,0.64
10/1/1946,0,,,,43093,,13.7356,,0,,,,0.41
11/1/1946,0,,,,43395,,13.8187,,0,,,,0.70
12/1/1946,0,,,,43379,,13.9018,,0,,,,-0.04
1/1/1947,0,,,,43535,,14.0679,,0,,21.48,,0.36
2/1/1947,0,,,,43557,,14.151,,0,,21.62,0.65,0.05
3/1/1947,0,,,,43607,,14.2341,,0,,22,1.76,0.11
4/1/1947,0,,,,43499,,14.1233,,0,,22,0.00,-0.25
5/1/1947,0,,,,43638,,14.1787,,0,,21.95,-0.23,0.32
6/1/1947,0,,,,43810,,14.1787,,0,,22.08,0.59,0.39
7/1/1947,0,,,,43743,,14.0956,,0,,22.23,0.68,-0.15
8/1/1947,0,,,,43960,,14.1787,,0,,22.4,0.76,0.50
9/1/1947,0,,,,44203,,14.2895,,0,,22.84,1.96,0.55
10/1/1947,0,,,,44411,,14.4279,,0,,22.91,0.31,0.47
11/1/1947,0,,,,44484,,14.6218,,0,,23.06,0.65,0.16
12/1/1947,0,,,,44581,,14.6772,,0,,23.41,1.52,0.22
1/1/1948,0,,,,44679,,14.7603,,0,,23.68,1.15,0.22
2/1/1948,0,,,,44533,,14.788,,0,,23.67,-0.04,-0.33
3/1/1948,0,,,,44683,,14.6218,,0,,23.5,-0.72,0.34
4/1/1948,0,,,,44379,,14.6495,,0,,23.82,1.36,-0.68
5/1/1948,0,,,,44796,,14.8987,,0,,24.01,0.80,0.94
6/1/1948,0,,,,45034,,15.0926,,0,,24.15,0.58,0.53
7/1/1948,0,,,,45160,,15.0926,,0,,24.4,1.04,0.28
8/1/1948,0,,,,45178,,15.0372,,0,,24.43,0.12,0.04
9/1/1948,0,,,,45294,,14.9264,,0,,24.36,-0.29,0.26
10/1/1948,0,,,,45245,,15.0372,,0,,24.31,-0.21,-0.11
11/1/1948,1,,,,45192,,14.8433,,0,,24.16,-0.62,-0.12
12/1/1948,1,,,,45032,,14.7049,,0,,24.05,-0.46,-0.35
1/1/1949,1,,,,44668,,14.5664,,0,,24.01,-0.17,-0.81
2/1/1949,1,,,,44497,,14.428,,0,,23.91,-0.42,-0.38
3/1/1949,1,,,,44240,,14.151,,0,,23.91,0.00,-0.58
4/1/1949,1,,,,44236,,14.0679,,0,,23.92,0.04,-0.01
5/1/1949,1,,,,43984,,13.8741,,0,,23.91,-0.04,-0.57
6/1/1949,1,,,,43739,,13.8464,,0,,23.92,0.04,-0.56
7/1/1949,1,,,,43531,,13.8187,,0,,23.7,-0.92,-0.48
8/1/1949,1,,,,43624,,13.9572,,0,,23.7,0.00,0.21
9/1/1949,1,,,,43780,,14.0956,,0,,23.75,0.21,0.36
10/1/1949,0,,,,42942,,13.5695,,0,,23.67,-0.34,-1.91
11/1/1949,0,,,,43242,,13.9295,,0,,23.7,0.13,0.70
12/1/1949,0,,,,43522,,14.1787,,0,,23.61,-0.38,0.65
1/1/1950,0,,,,43526,,14.4279,,0,,23.51,-0.42,0.01
2/1/1950,0,,,,43297,,14.4833,,0,,23.61,0.43,-0.53
3/1/1950,0,,,,43954,,14.9541,,0,,23.64,0.13,1.52
4/1/1950,0,,,,44382,,15.4526,,0,,23.65,0.04,0.97
5/1/1950,0,,,,44718,,15.8126,,0,,23.77,0.51,0.76
6/1/1950,0,,,,45083,,16.2834,,0,,23.88,0.46,0.82
7/1/1950,0,,,,45454,,16.8095,,0,,24.07,0.80,0.82
8/1/1950,0,,,,46192,,17.3357,,0,,24.2,0.54,1.62
9/1/1950,0,,,,46438,,17.2249,,0,,24.34,0.58,0.53
10/1/1950,0,,,,46706,,17.3357,,0,,24.5,0.66,0.58
11/1/1950,0,,,,46776,,17.308,,0,,24.6,0.41,0.15
12/1/1950,0,,,,46861,,17.6126,,0,,24.98,1.54,0.18
1/1/1951,0,,,,47288,,17.668,,0,,25.38,1.60,0.91
2/1/1951,0,,,,47577,,17.7788,,0,,25.83,1.77,0.61
3/1/1951,0,,,,47873,,17.8618,,0,,25.88,0.19,0.62
4/1/1951,0,,,,47861,,17.8895,,0,,25.92,0.15,-0.03
5/1/1951,0,,,,47952,,17.8342,,0,,25.99,0.27,0.19
6/1/1951,0,,,,48064,,17.7511,,0,,25.93,-0.23,0.23
7/1/1951,0,,,,48061,,17.4741,,0,,25.91,-0.08,-0.01
8/1/1951,0,,,,48012,,17.308,,0,,25.86,-0.19,-0.10
9/1/1951,0,,,,47954,,17.4188,,0,,26.03,0.66,-0.12
10/1/1951,0,,,,48006,,17.3911,,0,,26.16,0.50,0.11
11/1/1951,0,,,,48147,,17.5295,,0,,26.32,0.61,0.29
12/1/1951,0,,,,48314,,17.6403,,0,,26.47,0.57,0.35
1/1/1952,0,,,,48296,,17.8341,,0,,26.45,-0.08,-0.04
2/1/1952,0,,,,48522,,17.9449,,0,,26.41,-0.15,0.47
3/1/1952,0,,,,48504,,18.0003,,0,,26.39,-0.08,-0.04
4/1/1952,0,,,,48620,,17.8341,,0,,26.46,0.27,0.24
5/1/1952,0,,,,48642,,17.668,,0,,26.47,0.04,0.05
6/1/1952,0,,,,48282,,17.5018,,0,,26.53,0.23,-0.74
7/1/1952,0,,,,48143,,17.2249,,0,,26.68,0.57,-0.29
8/1/1952,0,,,,48924,,18.3326,,0,,26.69,0.04,1.62
9/1/1952,0,,,,49320,,18.9972,,0,,26.63,-0.22,0.81
10/1/1952,0,,,,49597,,19.1911,,0,,26.69,0.23,0.56
11/1/1952,0,,,,49816,,19.5788,,0,,26.69,0.00,0.44
12/1/1952,0,,,,50166,,19.6896,,0,,26.71,0.07,0.70
1/1/1953,0,,,,50144,,19.7449,,0,,26.64,-0.26,-0.04
2/1/1953,0,,,,50339,,19.8557,,0,,26.59,-0.19,0.39
3/1/1953,0,,,,50473,,20.0219,,0,,26.63,0.15,0.27
4/1/1953,0,,,,50435,,20.105,2.83,2.83,,26.69,0.23,-0.08
5/1/1953,0,,,,50490,,20.2157,3.05,0.22,,26.7,0.04,0.11
6/1/1953,0,,,,50519,,20.1326,3.11,0.06,,26.77,0.26,0.06
7/1/1953,1,,,,50536,,20.3819,2.93,-0.18,,26.79,0.07,0.03
8/1/1953,1,,,,50489,,20.2711,2.95,0.02,,26.85,0.22,-0.09
9/1/1953,1,,,,50368,,19.8557,2.87,-0.08,,26.89,0.15,-0.24
10/1/1953,1,,,,50240,,19.6896,2.66,-0.21,,26.95,0.22,-0.25
11/1/1953,1,,,,49908,,19.2188,2.68,0.02,,26.85,-0.37,-0.66
12/1/1953,1,,,,49703,,18.748,2.59,-0.09,,26.87,0.07,-0.41
1/1/1954,1,,,,49469,,18.6095,2.48,-0.11,,26.94,0.26,-0.47
2/1/1954,1,,,,49382,,18.6649,2.47,-0.01,,26.99,0.19,-0.18
3/1/1954,1,,,,49157,,18.5542,2.37,-0.1,,26.93,-0.22,-0.46
4/1/1954,1,,,,49179,,18.4434,2.29,-0.08,,26.86,-0.26,0.04
5/1/1954,0,,,,48965,,18.5542,2.37,0.08,,26.93,0.26,-0.44
6/1/1954,0,,,,48895,,18.6096,2.38,0.01,,26.94,0.04,-0.14
7/1/1954,0,,,,48835,,18.6372,2.3,-0.08,,26.86,-0.30,-0.12
8/1/1954,0,,,,48826,,18.6095,2.36,0.06,,26.85,-0.04,-0.02
9/1/1954,0,,,,48886,,18.6372,2.38,0.02,,26.81,-0.15,0.12
10/1/1954,0,,,,48942,,18.8588,2.43,0.05,,26.72,-0.34,0.11
11/1/1954,0,,,,49180,,19.1634,2.48,0.05,,26.78,0.22,0.49
12/1/1954,0,,,,49331,,19.4126,2.51,0.03,,26.77,-0.04,0.31
1/1/1955,0,,,,49496,,19.8557,2.61,0.1,,26.77,0.00,0.33
2/1/1955,0,,,,49644,,20.105,2.65,0.04,,26.82,0.19,0.30
3/1/1955,0,,,,49962,,20.5757,2.68,0.03,,26.79,-0.11,0.64
4/1/1955,0,,,,50248,,20.825,2.75,0.07,,26.79,0.00,0.57
5/1/1955,0,,,,50512,,21.1573,2.76,0.01,,26.77,-0.07,0.53
6/1/1955,0,,,,50790,,21.185,2.78,0.02,,26.71,-0.22,0.55
7/1/1955,0,,,,50987,,21.3511,2.9,0.12,,26.76,0.19,0.39
8/1/1955,0,,,,51111,,21.3234,2.97,0.07,,26.72,-0.15,0.24
9/1/1955,0,,,,51266,,21.4619,2.97,0,,26.85,0.49,0.30
10/1/1955,0,,,,51429,,21.8219,2.88,-0.09,,26.82,-0.11,0.32
11/1/1955,0,,,,51592,,21.8773,2.89,0.01,,26.88,0.22,0.32
12/1/1955,0,,,,51805,,21.9604,2.96,0.07,,26.87,-0.04,0.41
1/1/1956,0,,,,51975,,22.0988,2.9,-0.06,,26.83,-0.15,0.33
2/1/1956,0,,,,52167,,21.905,2.84,-0.06,,26.86,0.11,0.37
3/1/1956,0,,,,52294,,21.905,2.96,0.12,,26.89,0.11,0.24
4/1/1956,0,,,,52375,,22.0712,3.18,0.22,,26.93,0.15,0.15
5/1/1956,0,,,,52506,,21.8773,3.07,-0.11,,27.03,0.37,0.25
6/1/1956,0,,,,52586,,21.6835,3,-0.07,,27.15,0.44,0.15
7/1/1956,0,,,,51955,,21.0188,3.11,0.11,,27.29,0.52,-1.20
8/1/1956,0,,,,52631,,21.8773,3.33,0.22,,27.31,0.07,1.30
9/1/1956,0,,,,52604,,22.3758,3.38,0.05,,27.35,0.15,-0.05
10/1/1956,0,,,,52777,,22.5696,3.34,-0.04,,27.51,0.59,0.33
11/1/1956,0,,,,52821,,22.3758,3.49,0.15,,27.51,0.00,0.08
12/1/1956,0,,,,52929,,22.7081,3.59,0.1,,27.63,0.44,0.20
1/1/1957,0,,,,52887,,22.625,3.46,-0.13,,27.67,0.14,-0.08
2/1/1957,0,,,,53097,,22.8466,3.34,-0.12,,27.8,0.47,0.40
3/1/1957,0,,,,53156,,22.8189,3.41,0.07,,27.86,0.22,0.11
4/1/1957,0,,,,53238,,22.5142,3.48,0.07,,27.93,0.25,0.15
5/1/1957,0,,,,53150,,22.4312,3.6,0.12,,28,0.25,-0.17
6/1/1957,0,,,,53067,,22.4866,3.8,0.2,,28.11,0.39,-0.16
7/1/1957,0,,,,53123,,22.625,3.93,0.13,,28.19,0.28,0.11
8/1/1957,1,,,,53128,,22.625,3.93,0,,28.28,0.32,0.01
9/1/1957,1,,,,52934,,22.4312,3.92,-0.01,,28.32,0.14,-0.37
10/1/1957,1,,,,52763,,22.0988,3.97,0.05,,28.32,0.00,-0.32
11/1/1957,1,,,,52558,,21.5727,3.72,-0.25,,28.41,0.32,-0.39
12/1/1957,1,,,,52384,,21.1573,3.21,-0.51,,28.47,0.21,-0.33
1/1/1958,1,,,,52076,,20.7696,3.09,-0.12,,28.64,0.60,-0.59
2/1/1958,1,,,,51576,,20.3265,3.05,-0.04,,28.7,0.21,-0.96
3/1/1958,1,,,,51299,,20.0773,2.98,-0.07,,28.87,0.59,-0.54
4/1/1958,0,,,,51027,,19.745,2.88,-0.1,,28.94,0.24,-0.53
5/1/1958,0,,,,50914,,19.9388,2.92,0.04,,28.94,0.00,-0.22
6/1/1958,0,,,,50914,,20.465,2.97,0.05,,28.91,-0.10,0.00
7/1/1958,0,,,,51039,,20.7696,3.2,0.23,,28.89,-0.07,0.25
8/1/1958,0,,,,51233,,21.185,3.54,0.34,,28.94,0.17,0.38
9/1/1958,0,,,,51506,,21.3788,3.76,0.22,,28.91,-0.10,0.53
10/1/1958,0,,,,51485,,21.6281,3.8,0.04,,28.91,0.00,-0.04
11/1/1958,0,,,,51944,,22.265,3.74,-0.06,,28.95,0.14,0.89
12/1/1958,0,,,,52085,,22.2927,3.86,0.12,,28.97,0.07,0.27
1/1/1959,0,,175818,306.1,52478,,22.625,4.02,0.16,,29.01,0.14,0.75
2/1/1959,0,,176044,309.6,52688,,23.0681,3.96,-0.06,,29,-0.03,0.40
3/1/1959,0,,176274,312.7,53014,,23.4004,3.99,0.03,,28.97,-0.10,0.62
4/1/1959,0,,176503,312.2,53321,,23.8989,4.12,0.13,,28.98,0.03,0.58
5/1/1959,0,,176723,316.1,53550,,24.2589,4.31,0.19,,29.04,0.21,0.43
6/1/1959,0,,176954,318.2,53681,,24.2866,4.34,0.03,,29.11,0.24,0.24
7/1/1959,0,,177208,317.8,53804,,23.705,4.4,0.06,,29.15,0.14,0.23
8/1/1959,0,,177479,320.2,53336,,22.9019,4.43,0.03,,29.18,0.10,-0.87
9/1/1959,0,,177755,324.2,53428,,22.8743,4.68,0.25,,29.25,0.24,0.17
10/1/1959,0,,178026,322.8,53358,,22.7081,4.53,-0.15,,29.35,0.34,-0.13
11/1/1959,0,,178273,322.9,53634,,22.8466,4.53,0,,29.35,0.00,0.52
12/1/1959,0,,178504,322.9,54174,,24.2589,4.69,0.16,,29.41,0.20,1.01
1/1/1960,0,,178925,323.6,54274,,24.8958,4.72,0.03,,29.37,-0.14,0.18
2/1/1960,0,,179326,325.3,54513,,24.6743,4.49,-0.23,,29.41,0.14,0.44
3/1/1960,0,,179707,330.2,54454,,24.4528,4.25,-0.24,,29.41,0.00,-0.11
4/1/1960,1,,180067,336.5,54813,,24.2589,4.28,0.03,,29.54,0.44,0.66
5/1/1960,1,,180408,330,54475,,24.2312,4.35,0.07,,29.57,0.10,-0.62
6/1/1960,1,,180728,330.1,54348,,23.9266,4.15,-0.2,,29.61,0.14,-0.23
7/1/1960,1,,181028,331.4,54306,,23.8435,3.9,-0.25,,29.55,-0.20,-0.08
8/1/1960,1,,181308,331.6,54272,,23.8158,3.8,-0.1,,29.61,0.20,-0.06
9/1/1960,1,,181567,333.4,54227,,23.5666,3.8,0,,29.61,0.00,-0.08
10/1/1960,1,,181807,335.4,54142,,23.5389,3.89,0.09,,29.75,0.47,-0.16
11/1/1960,1,,182026,335.4,53961,,23.2066,3.93,0.04,,29.78,0.10,-0.33
12/1/1960,1,,182225,331.3,53742,,22.7635,3.84,-0.09,,29.81,0.10,-0.41
1/1/1961,1,,182404,332.2,53683,,22.7912,3.84,0,,29.84,0.10,-0.11
2/1/1961,0,,182631,333.7,53557,,22.7635,3.78,-0.06,,29.84,0.00,-0.23
3/1/1961,0,,182867,337.7,53659,,22.902,3.74,-0.04,,29.84,0.00,0.19
4/1/1961,0,,183105,337.6,53627,,23.3727,3.78,0.04,,29.81,-0.10,-0.06
5/1/1961,0,,183335,339.9,53786,,23.7327,3.71,-0.07,,29.84,0.10,0.30
6/1/1961,0,,183572,340.9,53977,,24.065,3.88,0.17,,29.84,0.00,0.36
7/1/1961,0,,183825,340.6,54123,,24.342,3.92,0.04,,29.92,0.27,0.27
8/1/1961,0,,184101,342.1,54298,,24.5635,4.04,0.12,,29.94,0.07,0.32
9/1/1961,0,,184384,344.4,54388,,24.5358,3.98,-0.06,,29.98,0.13,0.17
10/1/1961,0,,184654,346.5,54522,,25.0066,3.92,-0.06,,29.98,0.00,0.25
11/1/1961,0,,184900,349.9,54742,,25.3943,3.94,0.02,,29.98,0.00,0.40
12/1/1961,0,,185129,352.4,54872,,25.6158,4.06,0.12,,30.01,0.10,0.24
1/1/1962,0,,185347,353.2,54891,,25.3943,4.08,0.02,,30.04,0.10,0.03
2/1/1962,0,,185551,354,55188,,25.8097,4.04,-0.04,,30.11,0.23,0.54
3/1/1962,0,,185762,357.4,55275,,25.9482,3.93,-0.11,,30.17,0.20,0.16
4/1/1962,0,,185981,359,55602,,26.0035,3.84,-0.09,,30.21,0.13,0.59
5/1/1962,0,,186201,362,55628,,25.9758,3.87,0.03,,30.24,0.10,0.05
6/1/1962,0,,186426,360.4,55644,,25.9205,3.91,0.04,,30.21,-0.10,0.03
7/1/1962,0,,186664,361.4,55746,,26.1697,4.01,0.1,,30.22,0.03,0.18
8/1/1962,0,,186924,362.9,55838,,26.1974,3.98,-0.03,,30.28,0.20,0.17
9/1/1962,0,,187191,368.8,55978,,26.3635,3.98,0,,30.42,0.46,0.25
10/1/1962,0,,187449,366.5,56041,,26.3912,3.93,-0.05,,30.38,-0.13,0.11
11/1/1962,0,,187685,371.7,56056,,26.502,3.92,-0.01,,30.38,0.00,0.03
12/1/1962,0,,187905,373.6,56028,,26.502,3.86,-0.06,,30.38,0.00,-0.05
1/1/1963,0,,188113,374.4,56115,,26.6958,3.83,-0.03,,30.44,0.20,0.16
2/1/1963,0,,188300,373.4,56230,,27.0005,3.92,0.09,,30.48,0.13,0.20
3/1/1963,0,,188484,375,56320,,27.1666,3.93,0.01,,30.51,0.10,0.16
4/1/1963,0,,188685,376.4,56580,,27.4159,3.97,0.04,,30.48,-0.10,0.46
5/1/1963,0,,188904,377.2,56616,,27.7482,3.93,-0.04,,30.51,0.10,0.06
6/1/1963,0,,189130,381.7,56659,,27.8313,3.99,0.06,,30.61,0.33,0.08
7/1/1963,0,,189369,384.4,56794,,27.7205,4.02,0.03,,30.69,0.26,0.24
8/1/1963,0,,189629,386.3,56910,,27.7759,4,-0.02,,30.75,0.20,0.20
9/1/1963,0,,189895,385.5,57078,,28.0528,4.08,0.08,,30.72,-0.10,0.30
10/1/1963,0,,190147,386,57283,,28.2466,4.11,0.03,,30.75,0.10,0.36
11/1/1963,0,,190369,389.4,57255,,28.3851,4.12,0.01,,30.78,0.10,-0.05
12/1/1963,0,,190570,394.7,57361,,28.3297,4.13,0.01,,30.88,0.32,0.19
1/1/1964,0,,190763,396.8,57487,,28.579,4.17,0.04,,30.94,0.19,0.22
2/1/1964,0,,190953,400.2,57753,,28.7728,4.15,-0.02,,30.91,-0.10,0.46
3/1/1964,0,,191146,401.8,57897,,28.7728,4.22,0.07,,30.94,0.10,0.25
4/1/1964,0,,191346,402.8,57922,,29.2436,4.23,0.01,,30.95,0.03,0.04
5/1/1964,0,,191557,408.4,58089,,29.4098,4.2,-0.03,,30.98,0.10,0.29
6/1/1964,0,,191778,411.4,58219,,29.4928,4.17,-0.03,,31.01,0.10,0.22
7/1/1964,0,,192010,414.9,58412,,29.6867,4.19,0.02,,31.02,0.03,0.33
8/1/1964,0,,192254,417.7,58619,,29.8805,4.19,0,,31.05,0.10,0.35
9/1/1964,0,,192504,416.6,58903,,29.9913,4.2,0.01,,31.08,0.10,0.48
10/1/1964,0,,192739,419.6,58793,,29.5759,4.19,-0.01,,31.12,0.13,-0.19
11/1/1964,0,,192943,416.4,59218,,30.4898,4.15,-0.04,,31.21,0.29,0.72
12/1/1964,0,,193131,421,59421,,30.8498,4.18,0.03,,31.25,0.13,0.34
1/1/1965,0,,193308,424.4,59582,,31.1821,4.19,0.01,,31.28,0.10,0.27
2/1/1965,0,,193467,431.4,59800,,31.376,4.21,0.02,,31.28,0.00,0.37
3/1/1965,0,,193625,433.3,60003,,31.7913,4.21,0,,31.31,0.10,0.34
4/1/1965,0,,193799,437.1,60259,,31.9298,4.2,-0.01,,31.38,0.22,0.43
5/1/1965,0,,193988,437.6,60491,,32.179,4.21,0.01,,31.48,0.32,0.39
6/1/1965,0,,194195,435.2,60690,,32.4283,4.21,0,,31.61,0.41,0.33
7/1/1965,0,,194416,441,60965,,32.7329,4.2,-0.01,,31.58,-0.09,0.45
8/1/1965,0,,194645,444.4,61228,,32.8713,4.25,0.05,,31.55,-0.09,0.43
9/1/1965,0,,194879,452,61490,,32.9544,4.29,0.04,,31.62,0.22,0.43
10/1/1965,0,,195096,458.5,61719,,33.2868,4.35,0.06,,31.65,0.09,0.37
11/1/1965,0,,195284,459.1,61996,,33.4252,4.45,0.1,,31.75,0.32,0.45
12/1/1965,0,,195456,461.7,62322,,33.8406,4.62,0.17,,31.85,0.31,0.53
1/1/1966,0,,195614,465.2,62529,,34.1729,4.61,-0.01,,31.88,0.09,0.33
2/1/1966,0,,195760,470.2,62796,,34.3945,4.83,0.22,,32.08,0.63,0.43
3/1/1966,0,,195915,475,63192,,34.8652,4.87,0.04,,32.18,0.31,0.63
4/1/1966,0,,196089,476.9,63437,,34.9206,4.75,-0.12,,32.28,0.31,0.39
5/1/1966,0,,196275,473.1,63712,,35.2529,4.78,0.03,,32.35,0.22,0.43
6/1/1966,0,,196466,475.5,64111,,35.4191,4.81,0.03,,32.38,0.09,0.63
7/1/1966,0,,196661,480.6,64301,,35.6129,5.02,0.21,,32.45,0.22,0.30
8/1/1966,0,,196873,483.2,64507,,35.6406,5.22,0.2,,32.65,0.62,0.32
9/1/1966,0,,197096,489.2,64643,,35.9729,5.18,-0.04,,32.75,0.31,0.21
10/1/1966,0,,197303,488.3,64854,,36.2221,5.01,-0.17,,32.85,0.31,0.33
11/1/1966,0,,197485,490.1,65019,,35.9729,5.16,0.15,,32.88,0.09,0.25
12/1/1966,0,,197654,491.8,65199,,36.056,4.84,-0.32,,32.92,0.12,0.28
1/1/1967,0,,197814,494.2,65407,,36.2261,4.58,-0.26,,32.9,-0.06,0.32
2/1/1967,0,,197965,493,65429,,35.8152,4.63,0.05,,33,0.30,0.03
3/1/1967,0,,198122,495.8,65530,,35.6133,4.54,-0.09,,33,0.00,0.15
4/1/1967,0,,198287,501.3,65466,,35.9492,4.59,0.05,,33.1,0.30,-0.10
5/1/1967,0,,198452,502.2,65620,,35.6356,4.85,0.26,,33.1,0.00,0.24
6/1/1967,0,,198627,506.8,65750,,35.6311,5.02,0.17,,33.3,0.60,0.20
7/1/1967,0,,198812,506.7,65888,,35.55,5.16,0.14,,33.4,0.30,0.21
8/1/1967,0,,199012,509.8,66143,,36.2311,5.28,0.12,,33.5,0.30,0.39
9/1/1967,0,,199212,515.6,66164,,36.1723,5.3,0.02,,33.6,0.30,0.03
10/1/1967,0,,199405,512.2,66225,,36.4669,5.48,0.18,,33.7,0.30,0.09
11/1/1967,0,,199578,517.4,66703,,36.9884,5.75,0.27,,33.9,0.59,0.72
12/1/1967,0,,199733,525.1,66900,,37.3868,5.7,-0.05,,34,0.29,0.30
1/1/1968,0,,199864,530.9,66804,,37.3465,5.53,-0.17,,34.1,0.29,-0.14
2/1/1968,0,,199988,533.6,67215,,37.4804,5.56,0.03,,34.2,0.29,0.62
3/1/1968,0,,200132,544.3,67295,,37.5974,5.74,0.18,,34.3,0.29,0.12
4/1/1968,0,,200285,544,67556,,37.6518,5.64,-0.1,,34.4,0.29,0.39
5/1/1968,0,,200449,549.8,67652,,38.0741,5.87,0.23,,34.5,0.29,0.14
6/1/1968,0,,200621,556.3,67905,,38.214,5.72,-0.15,,34.7,0.58,0.37
7/1/1968,0,,200802,563.2,68126,,38.1554,5.5,-0.22,,34.9,0.58,0.33
8/1/1968,0,,200997,567,68330,,38.2619,5.42,-0.08,,35,0.29,0.30
9/1/1968,0,,201193,568.2,68484,,38.4068,5.46,0.04,,35.1,0.29,0.23
10/1/1968,0,,201378,571.6,68721,,38.483,5.58,0.12,,35.3,0.57,0.35
11/1/1968,0,,201544,576.7,68984,,38.9808,5.7,0.12,,35.4,0.28,0.38
12/1/1968,0,,201691,576.5,69248,,39.1039,6.03,0.33,,35.6,0.56,0.38
1/1/1969,0,,201821,583.5,69439,,39.3405,6.04,0.01,,35.7,0.28,0.28
2/1/1969,0,,201952,588.7,69699,,39.5922,6.19,0.15,,35.8,0.28,0.37
3/1/1969,0,,202092,588.9,69905,,39.9027,6.3,0.11,,36.1,0.84,0.30
4/1/1969,0,,202246,593.9,70072,,39.7559,6.17,-0.13,,36.3,0.55,0.24
5/1/1969,0,,202419,600.3,70328,,39.6056,6.32,0.15,,36.4,0.28,0.37
6/1/1969,0,,202592,600.9,70636,,39.9925,6.57,0.25,,36.6,0.55,0.44
7/1/1969,0,,202777,602.7,70729,,40.2037,6.72,0.15,,36.8,0.55,0.13
8/1/1969,0,,202984,609.9,71008,,40.2961,6.69,-0.03,,36.9,0.27,0.39
9/1/1969,0,,203196,613.2,70914,,40.287,7.16,0.47,,37.1,0.54,-0.13
10/1/1969,0,,203401,618.5,71121,,40.2988,7.1,-0.06,,37.3,0.54,0.29
11/1/1969,0,,203588,620.5,71086,,39.9189,7.14,0.04,,37.5,0.54,-0.05
12/1/1969,1,,203762,622.8,71241,,39.8118,7.65,0.51,,37.7,0.53,0.22
1/1/1970,1,,203929,628.7,71176,,39.0746,7.79,0.14,,37.9,0.53,-0.09
2/1/1970,1,,204082,634,71305,,39.0488,7.24,-0.55,,38.1,0.53,0.18
3/1/1970,1,,204246,632.3,71451,,38.9981,7.07,-0.17,,38.3,0.52,0.20
4/1/1970,1,,204504,636,71348,,38.8979,7.39,0.32,,38.5,0.52,-0.14
5/1/1970,1,,204719,642.4,71124,,38.8525,7.91,0.52,,38.6,0.26,-0.31
6/1/1970,1,,204941,646.3,71029,,38.7269,7.84,-0.07,,38.8,0.52,-0.13
7/1/1970,1,,205174,648.5,71053,,38.8219,7.46,-0.38,,38.9,0.26,0.03
8/1/1970,1,,205418,652.9,70937,,38.7527,7.53,0.07,,39,0.26,-0.16
9/1/1970,1,,205664,659.1,70944,,38.4856,7.39,-0.14,,39.2,0.51,0.01
10/1/1970,1,,205906,658.3,70521,,37.7157,7.33,-0.06,,39.4,0.51,-0.60
11/1/1970,0,,206131,656.6,70409,,37.4873,6.84,-0.49,,39.6,0.51,-0.16
12/1/1970,0,,206352,665.6,70792,,38.3482,6.39,-0.45,,39.8,0.51,0.54
1/1/1971,0,,206567,676.1,70865,,38.6432,6.24,-0.15,0.58856,39.9,0.25,0.10
2/1/1971,0,,206762,679.4,70807,,38.5695,6.11,-0.13,0.81694,39.9,0.00,-0.08
3/1/1971,0,,206960,682,70860,,38.5278,5.7,-0.41,0.9562525,40,0.25,0.07
4/1/1971,0,,207163,688.8,71036,,38.7441,5.83,0.13,1.173894,40.1,0.25,0.25
5/1/1971,0,,207361,691.1,71247,,38.9407,6.39,0.56,1.3955675,40.3,0.50,0.30
6/1/1971,0,,207562,699.8,71254,,39.104,6.52,0.13,1.1205025,40.5,0.50,0.01
7/1/1971,0,,207771,698.9,71315,,38.9905,6.73,0.21,0.929718,40.6,0.25,0.09
8/1/1971,0,,207998,704.9,71373,,38.7642,6.58,-0.15,1.68038,40.7,0.25,0.08
9/1/1971,0,,208230,713,71614,,39.3942,6.14,-0.44,2.17269,40.8,0.25,0.34
10/1/1971,0,,208450,715.8,71642,,39.6891,5.93,-0.21,1.740206,40.9,0.25,0.04
11/1/1971,0,,208648,720.9,71847,,39.8576,5.81,-0.12,1.355925,41,0.24,0.29
12/1/1971,0,,208829,728.4,72109,,40.3177,5.93,0.12,1.325454,41.1,0.24,0.36
1/1/1972,0,,208989,731.5,72441,,41.2876,5.95,0.02,1.01459,41.2,0.24,0.46
2/1/1972,0,,209137,736.2,72648,,41.6865,6.08,0.13,0.616085,41.4,0.49,0.29
3/1/1972,0,,209299,749.2,72944,,41.9746,6.07,-0.01,0.391082,41.4,0.00,0.41
4/1/1972,0,,209466,752.5,73162,,42.4183,6.19,0.12,0.2267825,41.5,0.24,0.30
5/1/1972,0,,209635,758,73469,,42.3963,6.13,-0.06,0.05109,41.6,0.24,0.42
6/1/1972,0,,209811,761.6,73758,,42.5166,6.11,-0.02,0.084884,41.7,0.24,0.39
7/1/1972,0,,209986,769.9,73709,,42.498,6.11,0,0.262405,41.8,0.24,-0.07
8/1/1972,0,,210177,776.3,74141,,43.0629,6.21,0.1,0.1669675,41.9,0.24,0.59
9/1/1972,0,,210379,781.1,74264,,43.3918,6.55,0.34,-0.114446,42.1,0.48,0.17
10/1/1972,0,,210568,794.9,74674,,43.9718,6.48,-0.07,-0.212045,42.2,0.24,0.55
11/1/1972,0,,210739,800.5,74973,,44.4919,6.28,-0.2,-0.2471775,42.4,0.47,0.40
12/1/1972,0,,210903,806.1,75268,,45.0015,6.36,0.08,-0.31767,42.5,0.24,0.39
1/1/1973,0,,211053,816.5,75617,,45.2942,6.46,0.1,-0.06946,42.7,0.47,0.46
2/1/1973,0,,211187,825.8,76014,,45.9656,6.64,0.18,0.5376775,43,0.70,0.53
3/1/1973,0,,211337,832.8,76284,,45.9872,6.71,0.07,1.037222,43.4,0.93,0.36
4/1/1973,0,,211499,835.7,76455,,45.9237,6.67,-0.04,1.0844575,43.7,0.69,0.22
5/1/1973,0,,211662,841.6,76648,,46.2192,6.85,0.18,1.0107675,43.9,0.46,0.25
6/1/1973,0,,211828,844.3,76887,,46.2509,6.9,0.05,1.025148,44.2,0.68,0.31
7/1/1973,0,,212001,854.1,76913,,46.4421,7.13,0.23,1.31755,44.2,0.00,0.03
8/1/1973,0,,212191,853.3,77168,,46.3648,7.4,0.27,1.836736,45,1.81,0.33
9/1/1973,0,,212382,869.2,77276,,46.7803,7.09,-0.31,2.154495,45.2,0.44,0.14
10/1/1973,0,,212555,868.2,77607,,47.0954,6.79,-0.3,2.0581525,45.6,0.88,0.43
11/1/1973,1,,212710,876.9,77920,,47.3445,6.73,-0.06,1.906562,45.9,0.66,0.40
12/1/1973,1,,212859,876.6,78031,,47.2315,6.74,0.01,1.7494575,46.3,0.87,0.14
1/1/1974,1,,213003,884.5,78100,,46.8994,6.99,0.25,1.1412725,46.8,1.08,0.09
2/1/1974,1,,213143,889.7,78254,,46.7538,6.96,-0.03,0.4602375,47.3,1.07,0.20
3/1/1974,1,,213286,901.4,78296,,46.7685,7.21,0.25,0.442532,47.8,1.06,0.05
4/1/1974,1,,213437,910.8,78382,,46.6069,7.51,0.3,1.28647,48.1,0.63,0.11
5/1/1974,1,,213600,922.4,78549,,46.9743,7.58,0.07,2.690428,48.6,1.04,0.21
6/1/1974,1,,213770,928,78604,,46.9233,7.54,-0.04,4.1586725,49,0.82,0.07
7/1/1974,1,,213948,937.9,78636,,46.9464,7.81,0.27,4.828835,49.3,0.61,0.04
8/1/1974,1,,214144,954.8,78619,,46.4907,8.04,0.23,4.572216,49.9,1.22,-0.02
9/1/1974,1,,214349,955.1,78610,,46.5136,8.04,0,4.00981,50.6,1.40,-0.01
10/1/1974,1,,214538,959.2,78630,,46.3401,7.9,-0.14,3.3684925,51,0.79,0.03
11/1/1974,1,,214704,956.2,78265,,44.8209,7.68,-0.22,2.66514,51.5,0.98,-0.46
12/1/1974,1,,214857,961.8,77652,,43.234,7.43,-0.25,2.30374,51.9,0.78,-0.78
1/1/1975,1,,214998,975.6,77293,,42.6409,7.5,0.07,1.748826,52.3,0.77,-0.46
2/1/1975,1,,215132,989.4,76918,,41.6602,7.39,-0.11,1.00334,52.6,0.57,-0.49
3/1/1975,0,,215276,990.6,76648,,41.2135,7.73,0.34,0.5340475,52.8,0.38,-0.35
4/1/1975,0,,215438,995,76460,,41.246,8.23,0.5,0.1804225,53,0.38,-0.25
5/1/1975,0,,215646,1018.9,76624,,41.1515,8.06,-0.17,-0.19036,53.1,0.19,0.21
6/1/1975,0,,215871,1026.8,76521,,41.4224,7.86,-0.2,-0.4137575,53.5,0.75,-0.13
7/1/1975,0,,216084,1039.8,76770,,41.8234,8.06,0.2,-0.464595,54,0.93,0.33
8/1/1975,0,,216294,1047,77153,,42.2573,8.4,0.34,-0.417612,54.2,0.37,0.50
9/1/1975,0,,216490,1054.8,77228,,42.7796,8.43,0.03,-0.250055,54.6,0.74,0.10
10/1/1975,0,,216679,1060.9,77540,,42.9687,8.14,-0.29,-0.083868,54.9,0.55,0.40
11/1/1975,0,,216851,1075.8,77685,,43.0614,8.05,-0.09,-0.0803475,55.3,0.73,0.19
12/1/1975,0,,217013,1092.1,78017,,43.5973,8,-0.05,-0.2814025,55.6,0.54,0.43
1/1/1976,0,,217172,1107.1,78503,,44.2288,7.74,-0.26,-0.611688,55.8,0.36,0.62
2/1/1976,0,,217315,1107.7,78816,,44.6725,7.79,0.05,-0.8093375,55.9,0.18,0.40
3/1/1976,0,,217455,1114.9,79048,,44.7125,7.73,-0.06,-0.858645,56,0.18,0.29
4/1/1976,0,,217607,1125.4,79292,,44.9643,7.56,-0.17,-0.816832,56.1,0.18,0.31
5/1/1976,0,,217773,1122.7,79312,,45.1741,7.9,0.34,-0.6660225,56.4,0.53,0.03
6/1/1976,0,0.8,217948,1140.5,79376,,45.183,7.86,-0.04,-0.610405,56.7,0.53,0.08
7/1/1976,0,0.98,218134,1149.6,79547,,45.4535,7.83,-0.03,-0.727204,57,0.53,0.22
8/1/1976,0,1.14,218337,1158,79704,,45.7737,7.77,-0.06,-0.830185,57.3,0.53,0.20
9/1/1976,0,1.17,218542,1168.8,79892,,45.9031,7.59,-0.18,-0.856275,57.6,0.52,0.24
10/1/1976,0,1.43,218739,1176.8,79911,,45.9207,7.41,-0.18,-0.853498,57.9,0.52,0.02
11/1/1976,0,1.48,218920,1189,80240,,46.5978,7.29,-0.12,-0.79339,58.1,0.35,0.41
12/1/1976,0,1.49,219093,1211.5,80448,,47.0854,6.87,-0.42,-0.75784,58.4,0.52,0.26
1/1/1977,0,1.31,219262,1215,80690,,46.8276,7.21,0.34,-0.8428475,58.7,0.51,0.30
2/1/1977,0,1.3,219424,1231.3,80988,,47.5417,7.39,0.18,-0.91234,59.3,1.02,0.37
3/1/1977,0,1.37,219594,1238.3,81391,,48.131,7.46,0.07,-0.884415,59.6,0.51,0.50
4/1/1977,0,1.41,219772,1247.3,81728,,48.5838,7.37,-0.09,-0.768114,60,0.67,0.41
5/1/1977,0,1.21,219953,1257.1,82088,,48.9891,7.46,0.09,-0.615975,60.2,0.33,0.44
6/1/1977,0,1.15,220143,1263.6,82488,,49.3428,7.28,-0.18,-0.53865,60.5,0.50,0.49
7/1/1977,0,1.06,220349,1280.5,82834,,49.412,7.33,0.05,-0.529432,60.8,0.50,0.42
8/1/1977,0,0.79,220573,1285.7,83075,,49.4259,7.4,0.07,-0.480065,61.1,0.49,0.29
9/1/1977,0,0.63,220796,1294.5,83532,,49.6639,7.34,-0.06,-0.3725,61.3,0.33,0.55
10/1/1977,0,0.41,221007,1311.4,83800,,49.7592,7.52,0.18,-0.25668,61.6,0.49,0.32
11/1/1977,0,0.44,221206,1327,84173,,49.8117,7.58,0.06,-0.18454,62,0.65,0.45
12/1/1977,0,0.51,221390,1336,84410,,49.8949,7.69,0.11,-0.17148,62.3,0.48,0.28
1/1/1978,0,0.47,221553,1329.5,84594,,49.2066,7.96,0.27,-0.191145,62.7,0.64,0.22
2/1/1978,0,0.46,221711,1355.1,84948,,49.4502,8.03,0.07,-0.16423,63,0.48,0.42
3/1/1978,0,0.46,221892,1377.5,85460,,50.3928,8.04,0.01,-0.034002,63.4,0.63,0.60
4/1/1978,0,0.41,222084,1396.4,86162,,51.4368,8.15,0.11,0.198115,63.9,0.79,0.82
5/1/1978,0,0.34,222278,1412,86509,,51.6276,8.35,0.2,0.4186125,64.5,0.94,0.40
6/1/1978,0,0.22,222482,1425.8,86950,,51.9833,8.46,0.11,0.556694,65,0.78,0.51
7/1/1978,0,0.15,222697,1426.8,87204,,51.9592,8.64,0.18,0.56843,65.5,0.77,0.29
8/1/1978,0,0.04,222933,1447,87483,,52.1543,8.41,-0.23,0.520535,65.9,0.61,0.32
9/1/1978,0,-0.15,223168,1452.9,87621,,52.286,8.42,0.01,0.683592,66.5,0.91,0.16
10/1/1978,0,-0.21,223383,1466.9,87956,,52.7054,8.64,0.22,1.280915,67.1,0.90,0.38
11/1/1978,0,-0.61,223585,1480.6,88391,,53.1047,8.81,0.17,1.804545,67.5,0.60,0.49
12/1/1978,0,-0.71,223781,1496.5,88671,,53.3886,9.01,0.2,1.814678,67.9,0.59,0.32
1/1/1979,0,-0.76,223973,1502.4,88808,,53.0453,9.1,0.09,1.3613075,68.5,0.88,0.15
2/1/1979,0,-0.62,224150,1517.8,89055,,53.3303,9.1,0,0.873755,69.2,1.02,0.28
3/1/1979,0,-0.67,224333,1531.2,89479,,53.4973,9.12,0.02,0.490712,69.9,1.01,0.48
4/1/1979,0,-0.6,224529,1538.4,89417,,52.8938,9.18,0.06,0.37795,70.6,1.00,-0.07
5/1/1979,0,-0.53,224734,1558.8,89789,,53.3187,9.25,0.07,0.483095,71.4,1.13,0.42
6/1/1979,0,-0.31,224948,1575.7,90108,,53.3157,8.91,-0.34,0.743224,72.2,1.12,0.36
7/1/1979,0,-0.19,225174,1586.1,90217,,53.2433,8.95,0.04,1.06203,73,1.11,0.12
8/1/1979,0,-0.43,225419,1615.6,90300,,52.8899,9.03,0.08,1.443904,73.7,0.96,0.09
9/1/1979,0,-0.73,225662,1633.9,90327,,52.9486,9.33,0.3,1.9362925,74.4,0.95,0.03
10/1/1979,0,-1.19,225893,1641.6,90481,,53.239,10.3,0.97,2.325375,75.2,1.08,0.17
11/1/1979,0,-1.16,226120,1657.3,90573,,53.1918,10.65,0.35,2.391766,76,1.06,0.10
12/1/1979,0,-1,226339,1666.3,90672,,53.2603,10.39,-0.26,2.0906175,76.9,1.18,0.11
1/1/1980,1,-0.7,226554,1697.3,90800,,53.5037,10.8,0.41,1.8525,78,1.43,0.14
2/1/1980,1,-1.01,226753,1701.4,90883,,53.5053,12.41,1.61,2.210024,79,1.28,0.09
3/1/1980,1,-2.13,226955,1708.2,90994,,53.3294,12.75,0.34,3.2705825,80.1,1.39,0.12
4/1/1980,1,-1.03,227156,1695.2,90849,,52.2336,11.47,-1.28,3.8176475,80.9,1.00,-0.16
5/1/1980,1,0.73,227387,1700.1,90420,,50.9638,10.18,-1.29,3.148384,81.7,0.99,-0.47
6/1/1980,1,1.05,227624,1718.8,90101,,50.3348,9.78,-0.4,1.8912675,82.5,0.98,-0.35
7/1/1980,0,1.22,227840,1747.1,89840,,49.9462,10.25,0.47,1.0067525,82.6,0.12,-0.29
8/1/1980,0,0.57,228070,1763.8,90099,,50.1256,11.1,0.85,0.793778,83.2,0.73,0.29
9/1/1980,0,-0.06,228302,1780.5,90213,,50.9386,11.51,0.41,1.0978825,83.9,0.84,0.13
10/1/1980,0,-0.34,228515,1817.1,90490,,51.5813,11.75,0.24,1.6122,84.7,0.95,0.31
11/1/1980,0,-0.83,228696,1826.8,90747,,52.4717,12.68,0.93,2.46128,85.6,1.06,0.28
12/1/1980,0,-1.24,228858,1851.7,90943,,52.7685,12.84,0.16,3.1220575,86.4,0.93,0.22
1/1/1981,0,-0.69,229004,1870,91033,,52.4668,12.57,-0.27,2.954058,87.2,0.93,0.10
2/1/1981,0,-0.73,229148,1884.2,91105,,52.226,13.19,0.62,2.2091525,88,0.92,0.08
3/1/1981,0,-0.45,229314,1902.9,91210,,52.5025,13.12,-0.07,1.7643775,88.6,0.68,0.12
4/1/1981,0,-0.47,229489,1904.4,91283,,52.2691,13.68,0.56,1.8273425,89.1,0.56,0.08
5/1/1981,0,-1.36,229668,1913.8,91296,,52.5803,14.1,0.42,2.373606,89.7,0.67,0.01
6/1/1981,0,-1.04,229864,1934.5,91490,,52.8284,13.47,-0.63,3.0525,90.5,0.89,0.21
7/1/1981,1,-1.07,230077,1942.1,91601,,53.1751,14.28,0.81,3.421374,91.5,1.10,0.12
8/1/1981,1,-1.34,230300,1966.6,91565,,53.1679,14.94,0.66,3.3038325,92.2,0.77,-0.04
9/1/1981,1,-1.14,230527,1965.5,91477,,52.8514,15.32,0.38,3.0273375,93.1,0.98,-0.10
10/1/1981,1,-0.39,230732,1963.9,91380,,52.4949,15.15,-0.17,2.795178,93.4,0.32,-0.11
11/1/1981,1,0.51,230906,1970.6,91171,,51.894,13.39,-1.76,2.512115,93.8,0.43,-0.23
12/1/1981,1,0.43,231073,1988.8,90895,,51.3274,13.72,0.33,2.1821725,94.1,0.32,-0.30
1/1/1982,1,0.02,231235,1997.1,90565,,50.3043,14.59,0.87,1.947912,94.4,0.32,-0.36
2/1/1982,1,-0.39,231392,2021.2,90563,,51.3016,14.43,-0.16,1.990415,94.7,0.32,0.00
3/1/1982,1,-0.33,231558,2024.1,90434,,50.9104,13.86,-0.57,2.126285,94.7,0.00,-0.14
4/1/1982,1,-0.33,231727,2026.3,90150,,50.4627,13.87,0.01,2.203338,95,0.32,-0.31
5/1/1982,1,-0.16,231901,2044.5,90107,,50.138,13.62,-0.25,2.4182625,95.9,0.95,-0.05
6/1/1982,1,-0.17,232090,2048.1,89865,,49.9692,14.3,0.68,2.7736325,97,1.15,-0.27
7/1/1982,1,0.15,232290,2072.2,89521,,49.8138,13.95,-0.35,2.899064,97.5,0.52,-0.38
8/1/1982,1,0.74,232496,2080.1,89363,,49.3773,13.06,-0.89,3.0275625,97.7,0.21,-0.18
9/1/1982,1,0.56,232708,2104.6,89183,,49.226,12.34,-0.72,3.2499825,97.7,0.00,-0.20
10/1/1982,1,0.72,232905,2125.8,88907,,48.7874,10.91,-1.43,2.564314,98.1,0.41,-0.31
11/1/1982,0,0.75,233077,2149.3,88786,,48.592,10.55,-0.36,1.3566975,98,-0.10,-0.14
12/1/1982,0,0.88,233241,2161.6,88771,,48.2424,10.54,-0.01,0.7157,97.7,-0.31,-0.02
1/1/1983,0,1.13,233398,2174,88990,,49.1762,10.46,-0.08,0.32144,97.9,0.20,0.25
2/1/1983,0,1.08,233543,2177,88917,,48.8688,10.72,0.26,0.06585,98,0.10,-0.08
3/1/1983,0,0.85,233697,2202.8,89090,,49.2654,10.51,-0.21,-0.0014775,98.1,0.10,0.19
4/1/1983,0,0.83,233852,2226.4,89364,,49.8675,10.4,-0.11,-0.066946,98.8,0.71,0.31
5/1/1983,0,0.89,234020,2245.9,89644,,50.2084,10.38,-0.02,-0.20927,99.2,0.40,0.31
6/1/1983,0,0.67,234213,2276,90021,,50.5089,10.85,0.47,-0.23378,99.4,0.20,0.42
7/1/1983,0,0.69,234404,2304.4,90437,,51.2733,11.38,0.53,-0.157322,99.8,0.40,0.46
8/1/1983,0,0.78,234601,2320.4,90129,,51.8454,11.85,0.47,-0.1140425,100.1,0.30,-0.34
9/1/1983,0,0.86,234804,2334.9,91247,,52.6303,11.65,-0.2,-0.104168,100.4,0.30,1.24
10/1/1983,0,0.97,234993,2357.6,91520,,53.0679,11.54,-0.11,-0.025525,100.8,0.40,0.30
11/1/1983,0,1.03,235157,2366.3,91875,,53.2534,11.69,0.15,0.0738675,101.1,0.30,0.39
12/1/1983,0,0.99,235310,2393.6,92230,,53.5343,11.83,0.14,0.07473,101.4,0.30,0.39
1/1/1984,0,1.03,235456,2419.4,92673,,54.6008,11.67,-0.16,-0.0690925,102.1,0.69,0.48
2/1/1984,0,1.05,235601,2403.5,93157,,54.835,11.84,0.17,-0.1904475,102.6,0.49,0.52
3/1/1984,0,1.01,235757,2431.6,93429,,55.1052,12.32,0.48,-0.142496,102.9,0.29,0.29
4/1/1984,0,0.94,235916,2457.5,93792,,55.4514,12.63,0.31,0.162945,103.3,0.39,0.39
5/1/1984,0,0.94,236077,2474.5,94098,,55.7141,13.41,0.78,0.620945,103.5,0.19,0.33
6/1/1984,0,0.65,236254,2495.6,94479,,55.9085,13.56,0.15,1.039394,103.7,0.19,0.40
7/1/1984,0,0.48,236449,2494.6,94789,,56.0842,13.36,-0.2,1.0330075,104.1,0.39,0.33
8/1/1984,0,0.29,236655,2512.2,95032,,56.1376,12.72,-0.64,0.698306,104.4,0.29,0.26
9/1/1984,0,0.32,236868,2533.8,95344,,56.0382,12.52,-0.2,0.4271025,104.7,0.29,0.33
10/1/1984,0,0.56,237068,2531.3,95629,,55.9459,12.16,-0.36,0.209135,105.1,0.38,0.30
11/1/1984,0,0.92,237238,2571.4,95982,,56.1667,11.57,-0.59,-0.01114,105.3,0.19,0.37
12/1/1984,0,1.32,237392,2582.6,96107,,56.2296,11.5,-0.07,-0.19327,105.5,0.19,0.13
1/1/1985,0,1.45,237535,2618.8,96372,,56.1398,11.38,-0.12,-0.3468225,105.7,0.19,0.28
2/1/1985,0,1.34,237667,2640.8,96503,,56.3323,11.51,0.13,-0.3780025,106.3,0.57,0.14
3/1/1985,0,1.15,237816,2648.5,96842,,56.4232,11.86,0.35,-0.30637,106.8,0.47,0.35
4/1/1985,0,1.34,237987,2659.5,97038,,56.2693,11.43,-0.43,-0.3242475,107,0.19,0.20
5/1/1985,0,1.46,238172,2696.4,97312,,56.3488,10.85,-0.58,-0.438606,107.2,0.19,0.28
6/1/1985,0,1.47,238368,2689.4,97459,,56.3901,10.16,-0.69,-0.49595,107.5,0.28,0.15
7/1/1985,0,1.54,238573,2715.7,97648,,56.0234,10.31,0.15,-0.444475,107.7,0.19,0.19
8/1/1985,0,1.39,238789,2752.1,97840,,56.2555,10.33,0.02,-0.309738,107.9,0.19,0.20
9/1/1985,0,1.39,239006,2794.7,98045,,56.4983,10.37,0.04,-0.2201425,108.1,0.19,0.21
10/1/1985,0,1.38,239210,2755.8,98233,,56.2648,10.24,-0.13,-0.29181,108.5,0.37,0.19
11/1/1985,0,1.2,239392,2771.1,98443,,56.4549,9.78,-0.46,-0.38503,109,0.46,0.21
12/1/1985,0,1.11,239558,2811.3,98609,,57.0458,9.26,-0.52,-0.364405,109.5,0.46,0.17
1/1/1986,0,1.05,239713,2827.1,98732,,57.3104,9.19,-0.07,-0.364692,109.9,0.37,0.12
2/1/1986,0,0.73,239858,2820.2,98847,,56.9344,8.7,-0.49,-0.37897,109.7,-0.18,0.12
3/1/1986,0,0.57,240011,2823.6,98934,,56.542,7.78,-0.92,-0.3508725,109.1,-0.55,0.09
4/1/1986,0,0.6,240183,2835.2,99121,,56.5599,7.3,-0.48,-0.4117825,108.7,-0.37,0.19
5/1/1986,0,0.64,240365,2857.5,99248,,56.6823,7.71,0.41,-0.534826,109,0.28,0.13
6/1/1986,0,0.62,240555,2861.7,99155,,56.4976,7.8,0.09,-0.4905675,109.4,0.37,-0.09
7/1/1986,0,0.63,240753,2881.2,99473,,56.814,7.3,-0.5,-0.434275,109.5,0.09,0.32
8/1/1986,0,0.84,240961,2898.6,99588,,56.7381,7.17,-0.13,-0.507754,109.6,0.09,0.12
9/1/1986,0,1.1,241171,2971.8,99934,,56.8532,7.45,0.28,-0.522145,110,0.36,0.35
10/1/1986,0,1.15,241371,2932.9,100121,,57.1191,7.43,-0.02,-0.488784,110.2,0.18,0.19
11/1/1986,0,0.97,241544,2928.4,100308,,57.3792,7.25,-0.18,-0.5051075,110.4,0.18,0.19
12/1/1986,0,0.84,241702,2997.1,100509,,57.8623,7.11,-0.14,-0.4813925,110.8,0.36,0.20
1/1/1987,0,0.85,241857,2935.5,100678,,57.685,7.08,-0.03,-0.464016,111.4,0.54,0.17
2/1/1987,0,0.85,242005,3001.7,100919,,58.4399,7.25,0.17,-0.487275,111.8,0.36,0.24
3/1/1987,0,0.83,242166,3013.3,101164,,58.516,7.25,0,-0.377905,112.2,0.36,0.24
4/1/1987,0,1,242338,3038.8,101499,,58.8851,8.02,0.77,-0.02865,112.7,0.45,0.33
5/1/1987,0,0.85,242516,3048.4,101728,,59.2653,8.61,0.59,0.325892,113,0.27,0.23
6/1/1987,0,0.83,242706,3072.8,101900,,59.5409,8.4,-0.21,0.29762,113.5,0.44,0.17
7/1/1987,0,1.01,242908,3094.7,102247,,59.9536,8.45,0.05,0.044614,113.8,0.26,0.34
8/1/1987,0,1.01,243118,3130.8,102420,,60.4517,8.76,0.31,-0.1238625,114.3,0.44,0.17
9/1/1987,0,1.08,243335,3126.5,102647,,60.6069,9.42,0.66,0.10058,114.7,0.35,0.22
10/1/1987,0,1.12,243543,3134.5,103138,,61.491,9.52,0.1,0.637396,115,0.26,0.48
11/1/1987,0,1.17,243724,3144.2,103372,,61.8137,8.86,-0.66,0.8533975,115.4,0.35,0.23
12/1/1987,0,1.13,243895,3174.1,103661,,62.119,8.99,0.13,0.7077375,115.6,0.17,0.28
1/1/1988,0,1.04,244056,3213.7,103753,,62.1469,8.67,-0.32,0.394796,116,0.35,0.09
2/1/1988,0,1.03,244205,3221.4,104214,,62.4169,8.21,-0.46,0.0940075,116.2,0.17,0.44
3/1/1988,0,1.1,244362,3260.5,104489,,62.5418,8.37,0.16,0.00313,116.5,0.26,0.26
4/1/1988,0,1.13,244528,3263,104732,,62.8959,8.72,0.35,0.089704,117.2,0.60,0.23
5/1/1988,0,1.09,244708,3293.6,104962,,62.8223,9.09,0.37,0.1228275,117.5,0.26,0.22
6/1/1988,0,0.89,244914,3318.5,105326,,62.9823,8.92,-0.17,0.1130575,118,0.43,0.35
7/1/1988,0,0.78,245131,3342.7,105550,,63.0093,9.06,0.14,0.200614,118.5,0.42,0.21
8/1/1988,0,0.63,245352,3368,105674,,63.2723,9.26,0.2,0.242895,119,0.42,0.12
9/1/1988,0,0.52,245579,3375,106013,,63.099,8.98,-0.28,0.152898,119.5,0.42,0.32
10/1/1988,0,0.45,245789,3413.7,106276,,63.4122,8.8,-0.18,0.057285,119.9,0.33,0.25
11/1/1988,0,0.29,245970,3430.2,106617,,63.5128,8.96,0.16,0.0041675,120.3,0.33,0.32
12/1/1988,0,0.02,246140,3459.7,106898,,63.8233,9.11,0.15,0.004442,120.7,0.33,0.26
1/1/1989,0,-0.09,246301,3483.7,107161,,64.0153,9.09,-0.02,0.0261525,121.2,0.41,0.25
2/1/1989,0,-0.2,246454,3488,107427,,63.7242,9.17,0.08,0.1303575,121.6,0.33,0.25
3/1/1989,0,-0.32,246626,3498.8,107621,,63.8691,9.36,0.19,0.397856,122.2,0.49,0.18
4/1/1989,0,-0.27,246814,3543,107791,,63.9124,9.18,-0.18,0.46903,123.1,0.74,0.16
5/1/1989,0,-0.16,247010,3551.8,107913,,63.4884,8.86,-0.32,0.266445,123.7,0.49,0.11
6/1/1989,0,-0.13,247228,3566.6,108027,,63.5187,8.28,-0.58,0.148442,124.1,0.32,0.11
7/1/1989,0,0.2,247458,3585.7,108069,,62.9354,8.02,-0.26,0.115355,124.5,0.32,0.04
8/1/1989,0,-0.03,247695,3620.6,108120,,63.5168,8.11,0.09,0.0771425,124.5,0.00,0.05
9/1/1989,0,-0.09,247942,3621.9,108369,,63.2954,8.19,0.08,0.182002,124.8,0.24,0.23
10/1/1989,0,0.03,248174,3633.6,108476,,63.2542,8.01,-0.18,0.217385,125.4,0.48,0.10
11/1/1989,0,0.07,248380,3643.3,108752,,63.4616,7.87,-0.14,0.065415,125.9,0.40,0.25
12/1/1989,0,0.06,248569,3684.2,108836,,63.8467,7.84,-0.03,-0.045926,126.3,0.32,0.08
1/1/1990,0,0.12,248743,3730.7,109199,,63.4228,8.21,0.37,-0.0190325,127.5,0.95,0.33
2/1/1990,0,0.1,248920,3728.2,109435,,64.0446,8.47,0.26,-0.0218425,128,0.39,0.22
3/1/1990,0,-0.04,249146,3754.9,109644,,64.358,8.59,0.12,-0.043996,128.6,0.47,0.19
4/1/1990,0,0.07,249436,3770,109686,,64.2602,8.79,0.2,-0.0095775,128.9,0.23,0.04
5/1/1990,0,0.12,249707,3775.8,109839,,64.3973,8.76,-0.03,-0.0729975,129.1,0.16,0.14
6/1/1990,0,0.13,249990,3804.5,109856,,64.6041,8.48,-0.28,-0.182752,129.9,0.62,0.02
7/1/1990,1,0.31,250285,3821.7,109824,,64.5205,8.47,-0.01,-0.1514,130.5,0.46,-0.03
8/1/1990,1,0.69,250595,3848.3,109616,,64.7326,8.75,0.28,-0.04528,131.6,0.84,-0.19
9/1/1990,1,0.81,250904,3870.1,109518,,64.8145,8.89,0.14,0.1896975,132.5,0.68,-0.09
10/1/1990,1,0.84,251201,3870.6,109367,,64.3274,8.72,-0.17,0.3771775,133.4,0.68,-0.14
11/1/1990,1,0.79,251486,3871.9,109214,,63.5753,8.39,-0.33,0.346838,133.7,0.22,-0.14
12/1/1990,1,0.77,251758,3861.3,109166,,63.1594,8.08,-0.31,0.409765,134.2,0.37,-0.04
1/1/1991,1,0.96,252012,3841,109055,,62.8852,8.09,0.01,0.43809,134.7,0.37,-0.10
2/1/1991,1,0.98,252253,3866.7,108734,,62.4462,7.85,-0.24,0.1650075,134.8,0.07,-0.29
3/1/1991,0,1.01,252507,3913,108574,,62.119,8.11,0.26,-0.094932,134.8,0.00,-0.15
4/1/1991,0,1.09,252778,3907.1,108364,,62.2415,8.04,-0.07,-0.1996275,135.1,0.22,-0.19
5/1/1991,0,1.29,253060,3933.2,108249,,62.8646,8.07,0.03,-0.292978,135.6,0.37,-0.11
6/1/1991,0,1.32,253350,3940.5,108334,,63.4372,8.28,0.21,-0.2854575,136,0.29,0.08
7/1/1991,0,1.35,253650,3966,108292,,63.5128,8.27,-0.01,-0.3630025,136.2,0.15,-0.04
8/1/1991,0,1.47,253966,3969.1,108310,,63.5671,7.9,-0.37,-0.55091,136.6,0.29,0.02
9/1/1991,0,1.47,254280,3984.7,108336,,64.133,7.65,-0.25,-0.5627375,137,0.29,0.02
10/1/1991,0,1.62,254576,3976,108357,,64.0213,7.53,-0.12,-0.5386825,137.2,0.15,0.02
11/1/1991,0,1.86,254841,4003.6,108296,,63.948,7.42,-0.11,-0.61612,137.8,0.44,-0.06
12/1/1991,0,2.06,255089,4020.5,108328,,63.6937,7.09,-0.33,-0.6306875,138.2,0.29,0.03
1/1/1992,0,2.07,255331,4084.7,108369,,63.3374,7.03,-0.06,-0.621108,138.3,0.07,0.04
2/1/1992,0,2.13,255576,4099.5,108311,,63.7911,7.34,0.31,-0.6746225,138.6,0.22,-0.05
3/1/1992,0,1.85,255848,4117,108365,,64.3212,7.54,0.2,-0.6740425,139.1,0.36,0.05
4/1/1992,0,2.14,256139,4131.5,108519,,64.8088,7.48,-0.06,-0.7013475,139.4,0.22,0.14
5/1/1992,0,2.16,256437,4158.4,108649,,65.0202,7.39,-0.09,-0.83138,139.7,0.22,0.12
6/1/1992,0,2.21,256742,4177.1,108715,,65.0295,7.26,-0.13,-0.87597,140.1,0.29,0.06
7/1/1992,0,2.48,257063,4204.8,108793,,65.6172,6.84,-0.42,-0.871282,140.5,0.29,0.07
8/1/1992,0,2.4,257390,4220.9,108925,,65.2943,6.59,-0.25,-0.8932975,140.8,0.21,0.12
9/1/1992,0,2.53,257704,4255.3,108959,,65.446,6.42,-0.17,-0.82179,141.1,0.21,0.03
10/1/1992,0,2.51,258004,4284.7,109139,,65.9369,6.59,0.17,-0.673004,141.7,0.43,0.17
11/1/1992,0,2.29,258280,4300.5,109272,,66.2174,6.87,0.28,-0.69052,142.1,0.28,0.12
12/1/1992,0,2.1,258546,4336.4,109495,,66.2772,6.77,-0.1,-0.8081425,142.3,0.14,0.20
1/1/1993,0,2.21,258799,4340.7,109794,,66.5643,6.6,-0.17,-0.872842,142.8,0.35,0.27
2/1/1993,0,2.16,259036,4355.3,110044,,66.8594,6.26,-0.34,-0.9193775,143.1,0.21,0.23
3/1/1993,0,2.03,259283,4352.5,109994,,66.7658,5.98,-0.28,-0.937455,143.3,0.14,-0.05
4/1/1993,0,2.13,259547,4393.4,110296,,67,5.97,-0.01,-0.93479,143.8,0.35,0.27
5/1/1993,0,2.06,259822,4422.4,110568,,66.7674,6.04,0.07,-0.94825,144.2,0.28,0.25
6/1/1993,0,1.8,260109,4440,110749,,66.8781,5.96,-0.08,-0.9730825,144.3,0.07,0.16
7/1/1993,0,1.74,260411,4468.9,111055,,67.0845,5.81,-0.15,-1.030524,144.5,0.14,0.28
8/1/1993,0,1.68,260717,4481.1,111206,,67.014,5.68,-0.13,-1.066105,144.8,0.21,0.14
9/1/1993,0,1.51,261015,4511.5,111448,,67.3345,5.36,-0.32,-1.0479425,145,0.14,0.22
10/1/1993,0,1.46,261294,4532.8,111733,,67.8515,5.33,-0.03,-0.993086,145.6,0.41,0.26
11/1/1993,0,1.56,261550,4554.1,111984,,68.1326,5.72,0.39,-0.9434025,146,0.27,0.22
12/1/1993,0,1.56,261796,4571.1,112314,,68.5054,5.77,0.05,-0.968152,146.3,0.21,0.29
1/1/1994,0,1.61,262021,4585.1,112595,,68.7648,5.75,-0.02,-1.005395,146.3,0.00,0.25
2/1/1994,0,1.5,262237,4632.6,112781,,68.7836,5.97,0.22,-0.9649875,146.7,0.27,0.17
3/1/1994,0,1.48,262491,4646,113242,,69.4766,6.48,0.51,-0.8604075,147.1,0.27,0.41
4/1/1994,0,1.42,262754,4671.1,113586,,69.8703,6.97,0.49,-0.78421,147.2,0.07,0.30
5/1/1994,0,1.21,263014,4669.5,113921,,70.2281,7.18,0.21,-0.775865,147.5,0.20,0.29
6/1/1994,0,1.17,263294,4708.9,114238,,70.6763,7.1,-0.08,-0.76451,147.9,0.27,0.28
7/1/1994,0,1.17,263580,4720.6,114610,,70.7846,7.3,0.2,-0.768968,148.4,0.34,0.33
8/1/1994,0,1.06,263871,4762.6,114896,,71.2053,7.24,-0.06,-0.81834,149,0.40,0.25
9/1/1994,0,1.07,264159,4775,115247,,71.4767,7.46,0.22,-0.777524,149.3,0.20,0.31
10/1/1994,0,1.01,264430,4812.9,115458,,72.082,7.74,0.28,-0.6811,149.4,0.07,0.18
11/1/1994,0,0.81,264681,4825.6,115869,,72.5263,7.96,0.22,-0.591875,149.8,0.27,0.36
12/1/1994,0,0.22,264924,4841.6,116165,,73.2879,7.81,-0.15,-0.480256,150.1,0.20,0.26
1/1/1995,0,0.27,265157,4851.2,116501,,73.4219,7.78,-0.03,-0.5154725,150.5,0.27,0.29
2/1/1995,0,0.36,265383,4850.8,116697,,73.3025,7.47,-0.31,-0.61985,150.9,0.27,0.17
3/1/1995,0,0.42,265625,4885.4,116907,,73.4081,7.2,-0.27,-0.66974,151.2,0.20,0.18
4/1/1995,0,0.49,265877,4890.2,117069,,73.3612,7.06,-0.14,-0.7123375,151.8,0.40,0.14
5/1/1995,0,0.46,266134,4933.1,117049,,73.6104,6.63,-0.43,-0.7556725,152.1,0.20,-0.02
6/1/1995,0,0.45,266414,4977.5,117286,,73.8602,6.17,-0.46,-0.73207,152.4,0.20,0.20
7/1/1995,0,0.5,266700,4970.2,117380,,73.5664,6.28,0.11,-0.7131725,152.6,0.13,0.08
8/1/1995,0,0.51,266998,5005.3,117634,,74.495,6.49,0.21,-0.745805,152.9,0.20,0.22
9/1/1995,0,0.39,267304,5020.5,117875,,74.7937,6.2,-0.29,-0.733884,153.1,0.13,0.20
10/1/1995,0,0.34,267585,5013.9,118031,,74.7017,6.04,-0.16,-0.7251825,153.5,0.26,0.13
11/1/1995,0,0.45,267829,5055.6,118175,,74.8897,5.93,-0.11,-0.793015,153.7,0.13,0.12
12/1/1995,0,0.39,268047,5097.5,118320,,75.1755,5.71,-0.22,-0.77538,153.9,0.13,0.12
1/1/1996,0,0.54,268258,5085.7,118316,,74.6841,5.65,-0.06,-0.7571125,154.7,0.52,0.00
2/1/1996,0,0.78,268480,5132.8,118739,,75.8344,5.81,0.16,-0.8415325,155,0.19,0.36
3/1/1996,0,0.61,268724,5173.3,118993,,75.7631,6.27,0.46,-0.798086,155.5,0.32,0.21
4/1/1996,0,0.55,268980,5208,119158,,76.4562,6.51,0.24,-0.7164175,156.1,0.39,0.14
5/1/1996,0,0.64,269247,5223.8,119486,,77.0161,6.74,0.23,-0.75562,156.4,0.19,0.28
6/1/1996,0,0.61,269527,5229.8,119769,,77.6669,6.91,0.17,-0.742865,156.7,0.19,0.24
7/1/1996,0,0.6,269822,5251.9,120015,,77.5662,6.87,-0.04,-0.7215825,157,0.19,0.21
8/1/1996,0,0.61,270130,5275,120199,,78.016,6.64,-0.23,-0.781548,157.2,0.13,0.15
9/1/1996,0,0.6,270433,5296.6,120410,,78.5532,6.83,0.19,-0.7700725,157.7,0.32,0.18
10/1/1996,0,0.62,270730,5328.5,120665,,78.5065,6.53,-0.3,-0.768655,158.2,0.32,0.21
11/1/1996,0,0.5,271002,5351.2,120961,,79.1996,6.2,-0.33,-0.809642,158.7,0.32,0.25
12/1/1996,0,0.52,271243,5378.6,121143,,79.7143,6.3,0.1,-0.7353725,159.1,0.25,0.15
1/1/1997,0,0.57,271472,5411.1,121363,,79.8273,6.58,0.28,-0.687946,159.4,0.19,0.18
2/1/1997,0,0.52,271703,5434,121675,,80.793,6.42,-0.16,-0.7493425,159.7,0.19,0.26
3/1/1997,0,0.47,271952,5454.2,121990,,81.334,6.69,0.27,-0.7484925,159.8,0.06,0.26
4/1/1997,0,0.44,272213,5459.3,122286,,81.3531,6.89,0.2,-0.690955,159.9,0.06,0.24
5/1/1997,0,0.43,272482,5460.2,122546,,81.8293,6.71,-0.18,-0.669384,159.9,0.00,0.21
6/1/1997,0,0.4,272767,5494.2,122814,,82.2285,6.49,-0.22,-0.6811025,160.2,0.19,0.22
7/1/1997,0,0.33,273074,5548.8,123111,,82.8557,6.22,-0.27,-0.69802,160.4,0.12,0.24
8/1/1997,0,0.36,273395,5587,123093,,83.7214,6.3,0.08,-0.693122,160.8,0.25,-0.01
9/1/1997,0,0.33,273703,5601.7,123585,,84.4651,6.21,-0.09,-0.6683325,161.2,0.25,0.40
10/1/1997,0,0.26,273989,5637.7,123929,,85.1918,6.03,-0.18,-0.612322,161.5,0.19,0.28
11/1/1997,0,0.17,274249,5661.1,124235,,85.9397,5.88,-0.15,-0.531455,161.7,0.12,0.25
12/1/1997,0,0.09,274499,5692.1,124549,,86.2047,5.81,-0.07,-0.5327225,161.8,0.06,0.25
1/1/1998,0,0.18,274732,5689.9,124812,,86.6474,5.54,-0.27,-0.591286,162,0.12,0.21
2/1/1998,0,0.15,274943,5723.8,125016,,86.7612,5.57,0.03,-0.6609875,162,0.00,0.16
3/1/1998,0,0.09,275175,5750.3,125164,,86.8198,5.65,0.08,-0.67918,162,0.00,0.12
4/1/1998,0,0.08,275434,5788.1,125442,,87.1411,5.64,-0.01,-0.6596925,162.2,0.12,0.22
5/1/1998,0,0.06,275700,5837.9,125844,,87.6952,5.65,0.01,-0.627532,162.6,0.25,0.32
6/1/1998,0,-0.02,275976,5871.7,126076,,87.145,5.5,-0.15,-0.6003975,162.8,0.12,0.18
7/1/1998,0,0,276266,5890,126205,,86.8423,5.46,-0.04,-0.588018,163.2,0.25,0.10
8/1/1998,0,0.07,276566,5925,126544,,88.6247,5.34,-0.12,-0.460985,163.4,0.12,0.27
9/1/1998,0,0.14,276859,5965.6,126752,,88.4515,4.81,-0.53,-0.2101125,163.5,0.06,0.16
10/1/1998,0,0.44,277140,5998.8,126954,,89.1677,4.53,-0.28,-0.032736,163.9,0.24,0.16
11/1/1998,0,0.29,277402,6015.4,127231,,89.1098,4.83,0.3,-0.10738,164.1,0.12,0.22
12/1/1998,0,0.14,277658,6070.5,127596,,89.4407,4.65,-0.18,-0.1864025,164.4,0.18,0.29
1/1/1999,0,0.1,277891,6072.9,127702,,89.8594,4.72,0.07,-0.256096,164.7,0.18,0.08
2/1/1999,0,0.12,278095,6101.8,128120,,90.3386,5,0.28,-0.3716125,164.7,0.00,0.33
3/1/1999,0,0.18,278324,6132.9,128227,,90.4819,5.23,0.23,-0.434205,164.8,0.06,0.08
4/1/1999,0,0.2,278584,6196.2,128597,,90.7274,5.18,-0.05,-0.450252,165.9,0.67,0.29
5/1/1999,0,0.29,278859,6225.7,128808,,91.352,5.54,0.36,-0.4568075,166,0.06,0.16
6/1/1999,0,0.28,279148,6254,129089,,91.1994,5.9,0.36,-0.4068125,166,0.00,0.22
7/1/1999,0,0.24,279448,6281.5,129414,,91.7766,5.79,-0.11,-0.302568,166.7,0.42,0.25
8/1/1999,0,0.26,279752,6326.5,129569,,92.1629,5.94,0.15,-0.2133575,167.1,0.24,0.12
9/1/1999,0,0.26,280053,6378.8,129772,,91.774,5.92,-0.02,-0.1796425,167.8,0.42,0.16
10/1/1999,0,0.25,280337,6402.1,130177,,92.9979,6.11,0.19,-0.162814,168.1,0.18,0.31
11/1/1999,0,0.17,280594,6437.9,130466,,93.4371,6.03,-0.08,-0.225315,168.4,0.18,0.22
12/1/1999,0,0.18,280846,6538.7,130772,,94.1593,6.28,0.25,-0.24027,168.8,0.24,0.23
1/1/2000,0,0.22,281083,6535.3,131005,,94.1758,6.66,0.38,-0.259875,169.3,0.30,0.18
2/1/2000,0,-0.09,281299,6619.7,131124,,94.4557,6.52,-0.14,-0.26984,170,0.41,0.09
3/1/2000,0,-0.27,281531,6685.8,131596,,94.798,6.26,-0.26,-0.18514,171,0.59,0.36
4/1/2000,0,-0.41,281763,6671.1,131888,,95.4808,5.99,-0.27,-0.1078925,170.9,-0.06,0.22
5/1/2000,0,-0.37,281996,6707.6,132105,,95.6435,6.44,0.45,-0.08012,171.2,0.18,0.16
6/1/2000,0,-0.38,282247,6743.9,132061,,95.7353,6.1,-0.34,-0.054616,172.2,0.58,-0.03
7/1/2000,0,-0.29,282504,6764.1,132236,,95.5906,6.05,-0.05,-0.1182975,172.7,0.29,0.13
8/1/2000,0,-0.4,282769,6799.1,132230,,95.3112,5.83,-0.22,-0.2228725,172.7,0.00,0.00
9/1/2000,0,-0.28,283033,6882.9,132353,,95.679,5.8,-0.03,-0.22313,173.6,0.52,0.09
10/1/2000,0,-0.17,283285,6888.2,132351,,95.397,5.74,-0.06,-0.185,173.9,0.17,0.00
11/1/2000,0,-0.16,283523,6902.4,132556,,95.4229,5.72,-0.02,-0.1927475,174.2,0.17,0.15
12/1/2000,0,-0.11,283748,6945.7,132709,5088,95.1573,5.24,-0.48,-0.10929,174.6,0.23,0.12
1/1/2001,0,0.4,283960,6977,132698,5234,94.5448,5.16,-0.08,-0.1545125,175.6,0.57,-0.01
2/1/2001,0,0.44,284166,6995.8,132789,5097,93.9398,5.1,-0.06,-0.2997675,176,0.23,0.07
3/1/2001,1,0.55,284380,6987.9,132747,4762,93.7201,4.89,-0.21,-0.273992,176.1,0.06,-0.03
4/1/2001,1,0.91,284602,7001.2,132463,4615,93.4469,5.14,0.25,-0.2735325,176.4,0.17,-0.21
5/1/2001,1,1.13,284834,7047.1,132410,4425,92.876,5.39,0.25,-0.421175,177.3,0.51,-0.04
6/1/2001,1,1.2,285076,7060.7,132299,4361,92.3208,5.28,-0.11,-0.45006,177.7,0.23,-0.08
7/1/2001,1,1.2,285324,7072.2,132177,4447,91.7933,5.24,-0.04,-0.4417725,177.4,-0.17,-0.09
8/1/2001,1,1.21,285584,7108.9,132028,4024,91.6795,4.97,-0.27,-0.486658,177.4,0.00,-0.11
9/1/2001,1,1.61,285842,7012.8,131771,4071,91.3289,4.73,-0.24,-0.3206125,178.1,0.39,-0.19
10/1/2001,1,1.84,286086,7208.4,131454,3707,90.9315,4.57,-0.16,-0.283325,177.6,-0.28,-0.24
11/1/2001,0,1.87,286315,7167.9,131142,3775,90.486,4.65,0.08,-0.394946,177.5,-0.06,-0.24
12/1/2001,0,1.98,286533,7147.7,130982,3677,90.5073,5.09,0.44,-0.34916,177.4,-0.06,-0.12
1/1/2002,0,2.01,286739,7174.3,130852,3699,91.0794,5.04,-0.05,-0.3679575,177.7,0.17,-0.10
2/1/2002,0,1.89,286935,7218.3,130736,3436,91.0553,4.91,-0.13,-0.4663425,178,0.17,-0.09
3/1/2002,0,1.72,287131,7237.2,130717,3612,91.798,5.28,0.37,-0.480088,178.5,0.28,-0.01
4/1/2002,0,1.79,287343,7305.4,130623,3471,92.1771,5.21,-0.07,-0.5219375,179.3,0.45,-0.07
5/1/2002,0,1.9,287571,7282.7,130634,3457,92.5668,5.16,-0.05,-0.627932,179.5,0.11,0.01
6/1/2002,0,1.94,287808,7318.2,130684,3412,93.4476,4.93,-0.23,-0.5587075,179.6,0.06,0.04
7/1/2002,0,2.09,288051,7380.4,130590,3367,93.2237,4.65,-0.28,-0.4267075,180,0.22,-0.07
8/1/2002,0,2.13,288303,7401.5,130587,3517,93.2359,4.26,-0.39,-0.402532,180.5,0.28,0.00
9/1/2002,0,1.87,288554,7391,130501,3301,93.3654,3.87,-0.39,-0.3600675,180.8,0.17,-0.07
10/1/2002,0,2.03,288794,7430.7,130628,3479,93.0834,3.94,0.07,-0.3270175,181.2,0.22,0.10
11/1/2002,0,2.13,289012,7459.7,130615,3514,93.5693,4.05,0.11,-0.416252,181.5,0.17,-0.01
12/1/2002,0,2.19,289214,7512.8,130472,3169,93.1103,4.03,-0.02,-0.4296175,181.8,0.17,-0.11
1/1/2003,0,2.31,289412,7533.1,130580,3441,93.8198,4.05,0.02,-0.43688,182.6,0.44,0.08
2/1/2003,0,2.27,289606,7535.9,130444,3229,93.9532,3.9,-0.15,-0.4830525,183.6,0.55,-0.10
3/1/2003,0,2.24,289809,7598.4,130232,3099,93.7358,3.81,-0.09,-0.5088125,183.9,0.16,-0.16
4/1/2003,0,2.34,290024,7621,130177,3108,93.0657,3.96,0.15,-0.597985,183.2,-0.38,-0.04
5/1/2003,0,2.15,290250,7628.1,130196,3289,93.0918,3.57,-0.39,-0.694976,182.9,-0.16,0.01
6/1/2003,0,2.1,290484,7678.6,130194,3390,93.2476,3.33,-0.24,-0.691085,183.1,0.11,0.00
7/1/2003,0,2.51,290726,7738.2,130191,2981,93.6582,3.98,0.65,-0.6871225,183.7,0.33,0.00
8/1/2003,0,2.59,290974,7834.5,130149,3190,93.5246,4.45,0.47,-0.662164,184.5,0.44,-0.03
9/1/2003,0,2.56,291222,7835,130254,3091,94.0751,4.27,-0.18,-0.6392375,185.1,0.33,0.08
10/1/2003,0,2.54,291463,7845.7,130454,3305,94.2079,4.29,0.02,-0.669902,184.9,-0.11,0.15
11/1/2003,0,2.37,291677,7899.6,130474,3324,94.9338,4.3,0.01,-0.70372,185,0.05,0.02
12/1/2003,0,2.36,291868,7929.2,130588,3414,94.8662,4.27,-0.03,-0.7117025,185.5,0.27,0.09
1/1/2004,0,2.39,292046,7987.4,130769,3424,95.1085,4.15,-0.12,-0.74998,186.3,0.43,0.14
2/1/2004,0,2.34,292230,8019.8,130825,3532,95.6847,4.08,-0.07,-0.7894525,186.7,0.21,0.04
3/1/2004,0,2.25,292434,8076,131142,3525,95.2088,3.83,-0.25,-0.79785,187.1,0.21,0.24
4/1/2004,0,2.28,292651,8088.6,131411,3511,95.6385,4.35,0.52,-0.779768,187.4,0.16,0.21
5/1/2004,0,2.19,292872,8163.2,131694,3710,96.3966,4.72,0.37,-0.7216825,188.2,0.43,0.22
6/1/2004,0,1.97,293103,8147.2,131793,3337,95.6019,4.73,0.01,-0.70651,188.9,0.37,0.08
7/1/2004,0,1.86,293350,8218.9,131848,3814,96.3385,4.5,-0.23,-0.707276,189.1,0.11,0.04
8/1/2004,0,1.77,293603,8253.1,131937,3541,96.4095,4.28,-0.22,-0.69254,189.2,0.05,0.07
9/1/2004,0,1.6,293857,8321.1,132093,3821,96.4907,4.13,-0.15,-0.701655,189.8,0.32,0.12
10/1/2004,0,1.52,294104,8374.6,132447,3943,97.4094,4.1,-0.03,-0.722308,190.8,0.53,0.27
11/1/2004,0,1.34,294337,8420.6,132503,3472,97.6137,4.19,0.09,-0.7216425,191.7,0.47,0.04
12/1/2004,0,1.22,294561,8481.5,132624,4074,98.3318,4.23,0.04,-0.722212,191.7,0.00,0.09
1/1/2005,0,1,294768,8470.2,132774,3804,98.7845,4.22,-0.01,-0.723205,191.6,-0.05,0.11
2/1/2005,0,0.79,294955,8529.2,133032,3965,99.4639,4.17,-0.05,-0.7202525,192.4,0.42,0.19
3/1/2005,0,0.77,295149,8569.5,133156,4044,99.3061,4.5,0.33,-0.709155,193.1,0.36,0.09
4/1/2005,0,0.69,295359,8645.6,133518,4159,99.4734,4.34,-0.16,-0.684954,193.7,0.31,0.27
5/1/2005,0,0.5,295582,8643.9,133690,3797,99.6033,4.14,-0.2,-0.6356425,193.6,-0.05,0.13
6/1/2005,0,0.36,295824,8724.8,133942,4062,99.9853,4,-0.14,-0.6324275,193.7,0.05,0.19
7/1/2005,0,0.31,296077,8829.5,134296,4256,99.6692,4.18,0.18,-0.657238,194.9,0.62,0.26
8/1/2005,0,0.22,296338,8832.4,134498,4142,99.9435,4.26,0.08,-0.6392025,196.1,0.62,0.15
9/1/2005,0,0.25,296606,8885.8,134566,4352,98.0779,4.2,-0.06,-0.608856,198.8,1.38,0.05
10/1/2005,0,0.19,296857,8926.6,134655,4184,99.3149,4.46,0.26,-0.6174675,199.1,0.15,0.07
11/1/2005,0,0.12,297089,8938.5,134993,4248,100.3216,4.54,0.08,-0.6250225,198.1,-0.50,0.25
12/1/2005,0,0.07,297311,8969.6,135149,4282,100.9437,4.47,-0.07,-0.60661,198.1,0.00,0.12
1/1/2006,0,0.02,297526,9059.8,135429,4397,101.0627,4.42,-0.05,-0.6190875,199.3,0.61,0.21
2/1/2006,0,-0.1,297734,9090.1,135737,4325,101.0669,4.57,0.15,-0.642155,199.4,0.05,0.23
3/1/2006,0,-0.01,297950,9122.1,136047,4732,101.2751,4.72,0.15,-0.656036,199.7,0.15,0.23
4/1/2006,0,0.1,298170,9174.8,136205,4790,101.6813,4.99,0.27,-0.675955,200.7,0.50,0.12
5/1/2006,0,0.14,298401,9215.1,136244,4463,101.579,5.11,0.12,-0.65869,201.3,0.30,0.03
6/1/2006,0,-0.01,298653,9240.8,136325,4614,101.9693,5.11,0,-0.603086,201.8,0.25,0.06
7/1/2006,0,-0.03,298910,9322.6,136520,4394,101.9319,5.09,-0.02,-0.595585,202.9,0.55,0.14
8/1/2006,0,-0.02,299178,9321.8,136694,4710,102.3327,4.88,-0.21,-0.6318175,203.8,0.44,0.13
9/1/2006,0,-0.05,299452,9354.7,136843,4737,102.1252,4.72,-0.16,-0.631944,202.8,-0.49,0.11
10/1/2006,0,-0.07,299710,9373.2,136852,4591,102.0668,4.73,0.01,-0.647825,201.9,-0.44,0.01
11/1/2006,0,-0.14,299950,9380.2,137063,4645,101.9688,4.6,-0.13,-0.6801625,202,0.05,0.15
12/1/2006,0,-0.11,300178,9469,137249,4620,103.0292,4.56,-0.04,-0.66022,203.1,0.54,0.14
1/1/2007,0,-0.12,300398,9516.3,137477,4763,102.4933,4.76,0.2,-0.69216,203.437,0.17,0.17
2/1/2007,0,-0.13,300608,9546.8,137558,4699,103.5264,4.72,-0.04,-0.729515,204.226,0.39,0.06
3/1/2007,0,-0.01,300823,9585.1,137793,4962,103.7521,4.56,-0.16,-0.668004,205.288,0.52,0.17
4/1/2007,0,0.02,301045,9615.7,137842,4689,104.4814,4.69,0.13,-0.6402,205.904,0.30,0.04
5/1/2007,0,-0.02,301278,9651.3,137993,4657,104.5322,4.75,0.06,-0.636575,206.755,0.41,0.11
6/1/2007,0,0.12,301528,9667.3,138069,4859,104.5617,5.1,0.35,-0.600938,207.234,0.23,0.06
7/1/2007,0,0.18,301790,9709.6,138038,4598,104.5227,5,-0.1,-0.470475,207.603,0.18,-0.02
8/1/2007,0,0.36,302064,9753.9,138015,4546,104.7556,4.67,-0.33,-0.00006,207.667,0.03,-0.02
9/1/2007,0,0.51,302334,9797.9,138095,4652,105.1611,4.52,-0.15,0.179525,208.547,0.42,0.06
10/1/2007,0,0.56,302590,9827,138174,4636,104.7171,4.53,0.01,-0.0132675,209.19,0.31,0.06
11/1/2007,0,0.81,302834,9897.8,138284,4646,105.3338,4.15,-0.38,0.241362,210.834,0.79,0.08
12/1/2007,1,0.98,303062,9908.4,138392,4545,105.3457,4.1,-0.05,0.5516275,211.445,0.29,0.08
1/1/2008,1,1.26,303280,9930,138403,4624,105.0619,3.74,-0.36,0.4251025,212.174,0.34,0.01
2/1/2008,1,1.77,303494,9913.4,138324,4279,104.7094,3.74,0,0.52097,212.687,0.24,-0.06
3/1/2008,1,1.89,303707,9959.4,138275,4225,104.4616,3.51,-0.23,0.852895,213.448,0.36,-0.04
4/1/2008,1,1.63,303926,9996.8,138035,4035,103.6704,3.68,0.17,0.7328825,213.942,0.23,-0.17
5/1/2008,1,1.43,304157,10053.8,137858,4194,103.0863,3.88,0.2,0.433014,215.208,0.59,-0.13
6/1/2008,1,1.33,304396,10107.9,137687,3830,102.8445,4.1,0.22,0.5663625,217.463,1.05,-0.12
7/1/2008,1,1.44,304646,10104.7,137491,3749,102.3002,4.01,-0.09,0.7049,219.016,0.71,-0.14
8/1/2008,1,1.47,304903,10094.7,137213,3674,100.7353,3.89,-0.12,0.629116,218.69,-0.15,-0.20
9/1/2008,1,1.61,305158,10043.5,136753,3222,96.3666,3.69,-0.2,1.3289525,218.877,0.09,-0.34
10/1/2008,1,2.2,305403,9960.3,136272,3377,97.2832,3.81,0.12,2.36461,216.995,-0.86,-0.35
11/1/2008,1,2.32,305620,9820.8,135545,3231,96.0605,3.53,-0.28,2.68308,213.153,-1.77,-0.53
12/1/2008,1,1.6,305827,9730.7,134839,3146,93.2521,2.42,-1.11,2.6078725,211.398,-0.82,-0.52
1/1/2009,1,1.71,306035,9783.8,134055,2738,91.0373,2.52,0.1,2.039084,211.933,0.25,-0.58
2/1/2009,1,1.89,306237,9766,133312,2864,90.4502,2.87,0.35,1.8197775,212.705,0.36,-0.55
3/1/2009,1,1.89,306438,9718.5,132512,2534,89.016,2.82,-0.05,1.793495,212.495,-0.10,-0.60
4/1/2009,1,2,306645,9724.8,131817,2295,88.3056,2.93,0.11,1.39392,212.709,0.10,-0.52
5/1/2009,1,2.36,306863,9748.9,131475,2549,87.4155,3.29,0.36,0.925472,213.022,0.15,-0.26
6/1/2009,0,2.54,307090,9806.9,131008,2503,87.0742,3.72,0.43,0.7299275,214.79,0.83,-0.36
7/1/2009,0,2.54,307322,9841.7,130668,2232,88.0323,3.56,-0.16,0.505168,214.726,-0.03,-0.26
8/1/2009,0,2.47,307570,9961,130485,2338,89.019,3.59,0.03,0.2418675,215.445,0.33,-0.14
9/1/2009,0,2.44,307826,9883.4,130244,2487,89.6926,3.4,-0.19,0.128155,215.861,0.19,-0.18
10/1/2009,0,2.44,308071,9931.9,130045,2406,89.9797,3.39,-0.01,0.05261,216.509,0.30,-0.15
11/1/2009,0,2.6,308289,9940.5,130057,2503,90.3375,3.4,0.01,-0.0075375,217.234,0.33,0.01
12/1/2009,0,2.72,308495,9998.9,129788,2568,90.6132,3.59,0.19,-0.076895,217.347,0.05,-0.21
1/1/2010,0,2.8,308706,10001.8,129790,2837,91.6642,3.73,0.14,-0.15837,217.488,0.06,0.00
2/1/2010,0,2.83,308904,10030.6,129698,2666,91.994,3.69,-0.04,-0.19448,217.281,-0.10,-0.07
3/1/2010,0,2.77,309095,10089.1,129879,2679,92.5993,3.73,0.04,-0.3358575,217.353,0.03,0.14
4/1/2010,0,2.79,309279,10112.9,130110,3153,92.9436,3.85,0.12,-0.406726,217.403,0.02,0.18
5/1/2010,0,2.59,309457,10131,130650,2988,94.2997,3.42,-0.43,-0.151715,217.29,-0.05,0.42
6/1/2010,0,2.48,309643,10151.4,130511,2801,94.4397,3.2,-0.22,-0.038575,217.199,-0.04,-0.11
7/1/2010,0,2.39,309847,10184.7,130427,3082,94.8536,3.01,-0.19,-0.190432,217.605,0.19,-0.06
8/1/2010,0,2.18,310060,10228.2,130422,2999,95.1448,2.7,-0.31,-0.2458175,217.923,0.15,0.00
9/1/2010,0,2.17,310280,10249,130357,2918,95.3637,2.65,-0.05,-0.2709475,218.275,0.16,-0.05
10/1/2010,0,2.16,310488,10304.7,130625,3235,95.1109,2.54,-0.11,-0.371126,219.035,0.35,0.21
11/1/2010,0,2.31,310677,10354.7,130750,3211,95.1383,2.76,0.22,-0.3827925,219.59,0.25,0.10
12/1/2010,0,2.67,310858,10392.1,130822,3058,96.0599,3.29,0.53,-0.405936,220.472,0.40,0.06
1/1/2011,0,2.78,311023,10435.5,130841,3104,95.9364,3.39,0.1,-0.4888075,221.187,0.32,0.01
2/1/2011,0,2.81,311173,10470.1,131053,3226,95.5154,3.58,0.19,-0.4872,221.898,0.32,0.16
3/1/2011,0,2.71,311333,10550.5,131288,3261,96.4643,3.41,-0.17,-0.4527625,223.046,0.52,0.18
4/1/2011,0,2.73,311502,10587.6,131602,3259,96.1187,3.46,0.05,-0.508306,224.093,0.47,0.24
5/1/2011,0,2.61,311678,10612,131703,3179,96.3377,3.17,-0.29,-0.4685,224.806,0.32,0.08
6/1/2011,0,2.59,311872,10636.8,131939,3455,96.6154,3,-0.17,-0.421265,224.806,0.00,0.18
7/1/2011,0,2.59,312077,10677.5,131999,3623,97.1292,3,0,-0.387522,225.395,0.26,0.05
8/1/2011,0,2.07,312292,10700.6,132125,3329,97.6731,2.3,-0.7,-0.09765,226.106,0.32,0.10
9/1/2011,0,1.77,312509,10738.1,132358,3774,97.6494,1.98,-0.32,0.093574,226.597,0.22,0.18
10/1/2011,0,1.87,312708,10753.1,132562,3619,98.3222,2.15,0.17,0.0343,226.75,0.07,0.15
11/1/2011,0,1.76,312889,10759.5,132694,3565,98.2433,2.01,-0.14,0.0621,227.169,0.18,0.10
12/1/2011,0,1.72,313064,10772.2,132896,3768,98.7876,1.98,-0.03,0.055958,227.223,0.02,0.15
1/1/2012,0,1.73,313227,10862.1,133250,3909,99.3925,1.97,-0.01,-0.1446875,227.842,0.27,0.27
2/1/2012,0,1.69,313383,10953.5,133512,3616,99.6203,1.97,0,-0.25823,228.329,0.21,0.20
3/1/2012,0,1.83,313546,10951.8,133752,3979,99.1551,2.17,0.2,-0.322414,228.807,0.21,0.18
4/1/2012,0,1.76,313710,10979.7,133834,3793,99.9006,2.05,-0.12,-0.34394,229.187,0.17,0.06
5/1/2012,0,1.51,313883,10968.6,133934,3835,100.0924,1.8,-0.25,-0.22523,228.713,-0.21,0.07
6/1/2012,0,1.33,314072,10946.3,134007,3911,100.0728,1.62,-0.18,-0.164302,228.524,-0.08,0.05
7/1/2012,0,1.28,314272,10977.2,134159,3735,100.3354,1.53,-0.09,-0.2617,228.59,0.03,0.11
8/1/2012,0,1.41,314489,11004.1,134331,3809,99.856,1.68,0.15,-0.322848,229.918,0.58,0.13
9/1/2012,0,1.46,314703,11061.5,134518,3882,99.9049,1.72,0.04,-0.409185,231.015,0.48,0.14
10/1/2012,0,1.47,314905,11099.8,134677,3775,100.1167,1.75,0.03,-0.4753,231.638,0.27,0.12
11/1/2012,0,1.38,315092,11136.8,134833,3878,100.5991,1.65,-0.1,-0.470026,231.249,-0.17,0.12
12/1/2012,0,1.46,315258,11140.5,135072,3970,100.9542,1.72,0.07,-0.504455,231.221,-0.01,0.18
1/1/2013,0,1.64,315400,11202.8,135263,3923,100.8204,1.91,0.19,-0.5628075,231.679,0.20,0.14
2/1/2013,0,1.71,315535,11239.6,135541,4004,101.3995,1.98,0.07,-0.5651325,232.937,0.54,0.21
3/1/2013,0,1.7,315682,11227.1,135680,4076,101.8114,1.96,-0.02,-0.576398,232.282,-0.28,0.10
4/1/2013,0,1.53,315841,11205.4,135871,3988,101.6364,1.76,-0.2,-0.62492,231.797,-0.21,0.14
5/1/2013,0,1.68,316016,11244.6,136093,4145,101.7476,1.93,0.17,-0.623892,231.893,0.04,0.16
6/1/2013,0,1.97,316202,11268.8,136274,4150,101.9549,2.3,0.37,-0.5709075,232.445,0.24,0.13
7/1/2013,0,2.24,316405,11296.7,136386,3885,101.5204,2.58,0.28,-0.577145,232.9,0.20,0.08
8/1/2013,0,2.38,316627,11329.2,136628,4085,102.1907,2.74,0.16,-0.578266,233.456,0.24,0.18
9/1/2013,0,2.41,316846,11366.9,136815,4128,102.717,2.81,0.07,-0.5830375,233.544,0.04,0.14
10/1/2013,0,2.28,317055,11419.8,137040,4222,102.5371,2.62,-0.19,-0.6493475,233.669,0.05,0.16
11/1/2013,0,2.42,317248,11487.6,137304,4119,102.8379,2.72,0.1,-0.712312,234.1,0.18,0.19
12/1/2013,0,2.56,317429,11517.9,137373,4121,103.1504,2.9,0.18,-0.73766,234.719,0.26,0.05
1/1/2014,0,2.47,317598,11503.7,137548,4127,102.7216,2.86,-0.04,-0.726054,235.288,0.24,0.13
2/1/2014,0,2.38,317758,11574.5,137714,4373,103.5917,2.71,-0.15,-0.72636,235.547,0.11,0.12
3/1/2014,0,2.32,317924,11644.5,137968,4388,104.5889,2.72,0.01,-0.74989,236.028,0.20,0.18
4/1/2014,0,2.29,318098,11707.1,138293,4566,104.6371,2.71,-0.01,-0.7452675,236.468,0.19,0.24
5/1/2014,0,2.17,318284,11750.9,138511,4747,105.0152,2.56,-0.15,-0.741954,236.918,0.19,0.16
6/1/2014,0,2.15,318479,11812.7,138837,4982,105.4081,2.6,0.04,-0.76672,237.231,0.13,0.24
7/1/2014,0,2.03,318692,11858.1,139069,4846,105.6157,2.54,-0.06,-0.7547625,237.498,0.11,0.17
8/1/2014,0,1.95,318921,11939.1,139257,5349,105.4986,2.42,-0.12,-0.718246,237.46,-0.02,0.14
9/1/2014,0,1.96,319149,11948.8,139566,4914,105.8138,2.53,0.11,-0.6888925,237.477,0.01,0.22
10/1/2014,0,1.85,319367,12018.4,139818,5012,105.8357,2.3,-0.23,-0.64437,237.43,-0.02,0.18
11/1/2014,0,1.8,319561,12050.2,140109,4843,106.6634,2.33,0.03,-0.635375,236.983,-0.19,0.21
12/1/2014,0,1.57,319742,12065,140377,5130,106.5085,2.21,-0.12,-0.579805,236.252,-0.31,0.19
1/1/2015,0,1.33,319904,12046.1,140568,5344,105.9806,1.88,-0.33,-0.496582,234.747,-0.64,0.14
2/1/2015,0,1.36,320053,12098.3,140839,5466,105.4425,1.98,0.1,-0.491045,235.342,0.25,0.19
3/1/2015,0,1.4,320215,12152.8,140910,5210,105.1464,2.04,0.06,-0.545505,235.976,0.27,0.05
4/1/2015,0,1.4,320390,12196.3,141194,5598,104.5272,1.94,-0.1,-0.5803175,236.222,0.10,0.20
5/1/2015,0,1.59,320574,12264.5,141525,5563,104.0742,2.2,0.26,-0.566536,237.001,0.33,0.23
6/1/2015,0,1.67,320769,12305.8,141699,5248,103.7174,2.36,0.16,-0.565405,237.657,0.28,0.12
7/1/2015,0,1.65,320982,12366.1,142001,6056,104.3243,2.32,-0.04,-0.553652,238.034,0.16,0.21
8/1/2015,0,1.47,321205,12400.9,142126,5467,104.1621,2.17,-0.15,-0.466715,238.033,0.00,0.09
9/1/2015,0,1.46,321428,12400.9,142281,5488,103.7768,2.17,0,-0.4186975,237.498,-0.22,0.11
10/1/2015,0,1.43,321641,12409.3,142587,5773,103.3976,2.07,-0.1,-0.47447,237.733,0.10,0.22
11/1/2015,0,1.38,321834,12446.3,142824,5708,102.6866,2.26,0.19,-0.492015,238.017,0.12,0.17
12/1/2015,0,1.26,322020,12482.4,143097,5845,102.1014,2.24,-0.02,-0.417065,237.761,-0.11,0.19
1/1/2016,0,1.19,322196,12506,143205,6012,102.9525,2.09,-0.15,-0.337108,237.652,-0.05,0.08
2/1/2016,0,1.05,322353,12579.3,143417,5770,102.2225,1.78,-0.31,-0.320785,237.336,-0.13,0.15
3/1/2016,0,1.01,322513,12569.7,143654,6129,101.4155,1.89,0.11,-0.3838075,238.08,0.31,0.17
4/1/2016,0,1.04,322685,12649.4,143851,5803,101.5167,1.81,-0.08,-0.412068,238.992,0.38,0.14
5/1/2016,0,0.99,322867,12696.1,143892,5777,101.4298,1.81,0,-0.409645,239.557,0.24,0.03
6/1/2016,0,0.91,323061,12777,144150,5742,101.8747,1.64,-0.17,-0.3859625,240.222,0.28,0.18
7/1/2016,0,0.83,323265,12794.2,144521,5962,102.1325,1.5,-0.14,-0.379322,240.101,-0.05,0.26
8/1/2016,0,0.82,323473,12836,144664,5677,102.0407,1.56,0.06,-0.4089725,240.545,0.18,0.10
9/1/2016,0,0.86,323680,12893.2,144953,5868,102.0477,1.63,0.07,-0.379314,241.176,0.26,0.20
10/1/2016,0,0.92,323876,12922.7,145071,5591,102.2485,1.76,0.13,-0.3895725,241.741,0.23,0.08
11/1/2016,0,1.16,324052,12957.8,145201,5971,102.0507,2.14,0.38,-0.4501725,242.026,0.12,0.09
12/1/2016,0,1.29,324216,13058,145415,5964,102.9281,2.49,0.35,-0.49519,242.637,0.25,0.15
1/1/2017,0,1.22,324362,13122.2,145612,5646,103.0366,2.43,-0.06,-0.515495,243.62,0.41,0.14
2/1/2017,0,1.22,324494,13140.9,145795,5931,102.6479,2.42,-0.01,-0.5299,243.872,0.10,0.13
3/1/2017,0,1.17,324632,13196.5,145934,5813,103.343,2.48,0.06,-0.52134,243.766,-0.04,0.10
4/1/2017,0,1.06,324783,13222.2,146154,6103,104.2721,2.3,-0.18,-0.52764,244.274,0.21,0.15
5/1/2017,0,1,324944,13225.7,146295,5810,104.4129,2.3,0,-0.56132,244.069,-0.08,0.10
6/1/2017,0,0.85,325117,13275.9,146506,6334,104.5849,2.19,-0.11,-0.599876,244.218,0.06,0.14
7/1/2017,0,0.95,325296,13301.3,146734,6203,104.5427,2.32,0.13,-0.6246325,244.28,0.03,0.16
8/1/2017,0,0.87,325476,13344.5,146924,6300,104.0475,2.21,-0.11,-0.6174775,245.205,0.38,0.13
9/1/2017,0,0.82,325653,13466.9,146966,6279,104.0502,2.2,-0.01,-0.614314,246.551,0.55,0.03
10/1/2017,0,0.81,325820,13503.5,147215,6380,105.6287,2.36,0.16,-0.6558175,246.657,0.04,0.17
11/1/2017,0,0.65,325968,13593.7,147411,6282,106.193,2.35,-0.01,-0.673485,247.378,0.29,0.13
12/1/2017,0,0.56,326100,13690.9,147590,6359,106.536,2.4,0.05,-0.666212,247.736,0.14,0.12
1/1/2018,0,0.55,326216,13716.5,147671,6601,106.2655,2.58,0.18,-0.6629525,248.721,0.40,0.05
2/1/2018,0,0.68,326323,13738.4,148049,6586,106.6419,2.86,0.28,-0.61559,249.3,0.23,0.26
3/1/2018,0,0.56,326437,13811.8,148244,6833,107.2519,2.84,-0.02,-0.548142,249.517,0.09,0.13
4/1/2018,0,0.49,326563,13875.8,148397,6910,108.2223,2.87,0.03,-0.54502,250.275,0.30,0.10
5/1/2018,0,0.47,326699,13953.7,148667,6987,107.3639,2.98,0.11,-0.57546,250.786,0.20,0.18
6/1/2018,0,0.38,326847,13990.1,148881,7271,108.1707,2.91,-0.07,-0.568574,251.152,0.15,0.14
7/1/2018,0,0.28,327005,14048.3,149030,7209,108.652,2.89,-0.02,-0.5808175,251.345,0.08,0.10
8/1/2018,0,0.25,327167,14102.2,149259,7204,109.5246,2.89,0,-0.619746,251.735,0.16,0.15
9/1/2018,0,0.23,327328,14108.3,149364,7352,109.6749,3,0.11,-0.6424,252.183,0.18,0.07
10/1/2018,0,0.29,327477,14193.8,149576,7295,109.9165,3.15,0.15,-0.6299075,252.899,0.28,0.14
11/1/2018,0,0.26,327607,14249.7,149668,7574,110.5067,3.12,-0.03,-0.562178,252.822,-0.03,0.06
12/1/2018,0,0.15,327722,14130.8,149908,7436,110.5516,2.83,-0.29,-0.4789725,252.493,-0.13,0.16
1/1/2019,0,0.17,327824,14223.7,150145,7478,110.1185,2.71,-0.12,-0.5081225,252.441,-0.02,0.16
2/1/2019,0,0.18,327921,14236.1,150095,7058,109.5631,2.68,-0.03,-0.59397,252.969,0.21,-0.03
3/1/2019,0,0.16,328025,14370,150263,7332,109.6811,2.57,-0.11,-0.629784,254.147,0.47,0.11
4/1/2019,0,0.19,328140,14443.2,150482,7257,108.9888,2.53,-0.04,-0.6447675,255.326,0.46,0.15
5/1/2019,0,0.19,328267,14493,150545,7279,109.2264,2.4,-0.13,-0.641612,255.371,0.02,0.04
6/1/2019,0,0.26,328404,14555.8,150720,7165,109.2774,2.07,-0.33,-0.6204075,255.423,0.02,0.12
7/1/2019,0,0.22,328561,14611.9,150913,7137,109.0852,2.06,-0.01,-0.623955,255.925,0.20,0.13
8/1/2019,0,0.06,328730,14650.9,151108,7150,109.8543,1.63,-0.43,-0.591638,256.118,0.08,0.13
9/1/2019,0,0.05,328897,14673.2,151329,7100,109.4725,1.7,0.07,-0.5446225,256.532,0.16,0.15
10/1/2019,0,0.16,329054,14728.5,151524,7340,109.027,1.71,0.01,-0.54781,257.387,0.33,0.13
11/1/2019,0,0.2,329191,14752.8,151758,6915,110.0388,1.81,0.1,-0.60095,257.989,0.23,0.15
12/1/2019,0,0.25,329314,14796.3,151919,6730,109.6527,1.86,0.05,-0.5837925,258.203,0.08,0.11
1/1/2020,0,0.24,329423,14880.5,152234,7154,109.1845,1.76,-0.1,-0.6464,258.687,0.19,0.21
2/1/2020,1,0.17,329527,14877.4,152523,7012,109.2966,1.5,-0.26,-0.547855,258.824,0.05,0.19
3/1/2020,1,0.42,329638,13878.5,150840,5769,104.5221,0.87,-0.63,0.0660625,257.989,-0.32,-1.10
4/1/2020,1,0.44,329760,12112.1,130161,4630,91.2658,0.66,-0.21,0.2730375,256.192,-0.70,-13.71
5/1/2020,1,0.5,329894,13165.4,132994,5447,92.0613,0.67,0.01,-0.136674,255.942,-0.10,2.18
6/1/2020,1,0.55,330038,14014.6,137840,6112,97.8019,0.73,0.06,-0.3173075,257.282,0.52,3.64
7/1/2020,1,0.47,330199,14224.7,139566,6717,101.9086,0.62,-0.11,-0.369492,258.604,0.51,1.25
8/1/2020,1,0.51,330368,14397.2,141149,6451,102.8885,0.65,0.03,-0.5160275,259.511,0.35,1.13
9/1/2020,1,0.55,330535,14582.7,141865,6611,102.8028,0.68,0.03,-0.5105025,260.149,0.25,0.51
10/1/2020,1,0.64,330692,14627.1,142545,6873,103.8958,0.79,0.11,-0.467954,260.462,0.12,0.48
11/1/2020,1,0.7,330829,14532.8,142809,6766,104.823,0.87,0.08,-0.553095,260.927,0.18,0.19
12/1/2020,1,0.79,330924,14451.1,142503,6752,105.9255,0.93,0.06,-0.6163725,261.56,0.24,-0.21
1/1/2021,1,0.95,330968,14936.3,142736,7099,106.8412,1.08,0.15,-0.621076,262.231,0.26,0.16
2/1/2021,1,1.14,331004,14785.5,143272,7526,103.1127,1.26,0.18,-0.637475,263.161,0.35,0.38
3/1/2021,1,1.46,331061,15401.6,144042,8123,105.6085,1.61,0.35,-0.657285,264.793,0.62,0.54
4/1/2021,1,1.47,,,144308,,106.3127,1.64,0.03,-0.694608,266.832,0.77,0.18